"TimeCreated","Id","ProviderName","MachineName"
"10/5/2026 7:15:17 PM","4624","Microsoft-Windows-Security-Auditing","DESKTOP-MURT1QD"
"10/5/2026 7:14:57 PM","4624","Microsoft-Windows-Security-Auditing","DESKTOP-MURT1QD"
"10/5/2026 7:14:55 PM","4624","Microsoft-Windows-Security-Auditing","DESKTOP-MURT1QD"
"10/5/2026 7:00:34 PM","4624","Microsoft-Windows-Security-Auditing","DESKTOP-MURT1QD"
"10/5/2026 7:00:17 PM","4624","Microsoft-Windows-Security-Auditing","DESKTOP-MURT1QD"
"10/5/2026 6:47:24 PM","4624","Microsoft-Windows-Security-Auditing","DESKTOP-MURT1QD"
"10/5/2026 6:47:22 PM","4624","Microsoft-Windows-Security-Auditing","DESKTOP-MURT1QD"
"10/5/2026 6:45:17 PM","4624","Microsoft-Windows-Security-Auditing","DESKTOP-MURT1QD"
"10/5/2026 6:45:08 PM","4624","Microsoft-Windows-Security-Auditing","DESKTOP-MURT1QD"
"10/5/2026 6:45:06 PM","4624","Microsoft-Windows-Security-Auditing","DESKTOP-MURT1QD"
"10/5/2026 6:30:17 PM","4624","Microsoft-Windows-Security-Auditing","DESKTOP-MURT1QD"
"10/5/2026 6:28:32 PM","4624","Microsoft-Windows-Security-Auditing","DESKTOP-MURT1QD"
"10/5/2026 6:23:50 PM","4624","Microsoft-Windows-Security-Auditing","DESKTOP-MURT1QD"
"10/5/2026 6:23:48 PM","4624","Microsoft-Windows-Security-Auditing","DESKTOP-MURT1QD"
"10/5/2026 6:21:40 PM","4624","Microsoft-Windows-Security-Auditing","DESKTOP-MURT1QD"
"10/5/2026 6:19:39 PM","4624","Microsoft-Windows-Security-Auditing","DESKTOP-MURT1QD"
"10/5/2026 6:19:20 PM","4624","Microsoft-Windows-Security-Auditing","DESKTOP-MURT1QD"
"10/5/2026 6:15:17 PM","4624","Microsoft-Windows-Security-Auditing","DESKTOP-MURT1QD"
"10/5/2026 6:05:13 PM","4624","Microsoft-Windows-Security-Auditing","DESKTOP-MURT1QD"
"10/5/2026 6:04:12 PM","4624","Microsoft-Windows-Security-Auditing","DESKTOP-MURT1QD"
"10/5/2026 6:00:17 PM","4624","Microsoft-Windows-Security-Auditing","DESKTOP-MURT1QD"
"10/5/2026 5:58:32 PM","4624","Microsoft-Windows-Security-Auditing","DESKTOP-MURT1QD"
"10/5/2026 5:55:56 PM","4624","Microsoft-Windows-Security-Auditing","DESKTOP-MURT1QD"
"10/5/2026 5:55:11 PM","4624","Microsoft-Windows-Security-Auditing","DESKTOP-MURT1QD"
"10/5/2026 5:55:11 PM","4624","Microsoft-Windows-Security-Auditing","DESKTOP-MURT1QD"
"10/5/2026 5:55:11 PM","4624","Microsoft-Windows-Security-Auditing","DESKTOP-MURT1QD"
"10/5/2026 5:55:11 PM","4624","Microsoft-Windows-Security-Auditing","DESKTOP-MURT1QD"
"10/5/2026 5:53:13 PM","4624","Microsoft-Windows-Security-Auditing","DESKTOP-MURT1QD"
"10/5/2026 5:52:59 PM","4624","Microsoft-Windows-Security-Auditing","DESKTOP-MURT1QD"
"10/5/2026 5:45:17 PM","4624","Microsoft-Windows-Security-Auditing","DESKTOP-MURT1QD"
"10/5/2026 5:30:17 PM","4624","Microsoft-Windows-Security-Auditing","DESKTOP-MURT1QD"
"10/5/2026 5:30:06 PM","4624","Microsoft-Windows-Security-Auditing","DESKTOP-MURT1QD"
"10/5/2026 5:30:05 PM","4624","Microsoft-Windows-Security-Auditing","DESKTOP-MURT1QD"
"10/5/2026 5:22:59 PM","4624","Microsoft-Windows-Security-Auditing","DESKTOP-MURT1QD"
"10/5/2026 5:21:34 PM","4624","Microsoft-Windows-Security-Auditing","DESKTOP-MURT1QD"
"10/5/2026 5:17:32 PM","4624","Microsoft-Windows-Security-Auditing","DESKTOP-MURT1QD"
"10/5/2026 5:17:32 PM","4624","Microsoft-Windows-Security-Auditing","DESKTOP-MURT1QD"
"10/5/2026 5:17:32 PM","4624","Microsoft-Windows-Security-Auditing","DESKTOP-MURT1QD"
"10/5/2026 5:17:32 PM","4624","Microsoft-Windows-Security-Auditing","DESKTOP-MURT1QD"
"10/5/2026 5:17:20 PM","4624","Microsoft-Windows-Security-Auditing","DESKTOP-MURT1QD"
"10/5/2026 5:15:17 PM","4624","Microsoft-Windows-Security-Auditing","DESKTOP-MURT1QD"
"10/5/2026 5:14:42 PM","4624","Microsoft-Windows-Security-Auditing","DESKTOP-MURT1QD"
"10/5/2026 5:05:07 PM","4624","Microsoft-Windows-Security-Auditing","DESKTOP-MURT1QD"
"10/5/2026 5:00:17 PM","4624","Microsoft-Windows-Security-Auditing","DESKTOP-MURT1QD"
"10/5/2026 5:00:14 PM","4624","Microsoft-Windows-Security-Auditing","DESKTOP-MURT1QD"
"10/5/2026 5:00:09 PM","4624","Microsoft-Windows-Security-Auditing","DESKTOP-MURT1QD"
"10/5/2026 5:00:08 PM","4624","Microsoft-Windows-Security-Auditing","DESKTOP-MURT1QD"
"10/5/2026 5:00:08 PM","4624","Microsoft-Windows-Security-Auditing","DESKTOP-MURT1QD"
"10/5/2026 5:00:08 PM","4624","Microsoft-Windows-Security-Auditing","DESKTOP-MURT1QD"
"10/5/2026 5:00:08 PM","4624","Microsoft-Windows-Security-Auditing","DESKTOP-MURT1QD"
"10/5/2026 5:00:08 PM","4624","Microsoft-Windows-Security-Auditing","DESKTOP-MURT1QD"
"10/5/2026 5:00:08 PM","4624","Microsoft-Windows-Security-Auditing","DESKTOP-MURT1QD"
"10/5/2026 4:47:19 PM","4624","Microsoft-Windows-Security-Auditing","DESKTOP-MURT1QD"
"10/5/2026 4:45:17 PM","4624","Microsoft-Windows-Security-Auditing","DESKTOP-MURT1QD"
"10/5/2026 4:44:14 PM","4624","Microsoft-Windows-Security-Auditing","DESKTOP-MURT1QD"
"10/5/2026 4:41:40 PM","4624","Microsoft-Windows-Security-Auditing","DESKTOP-MURT1QD"
"10/5/2026 4:30:17 PM","4624","Microsoft-Windows-Security-Auditing","DESKTOP-MURT1QD"
"10/5/2026 4:15:16 PM","4624","Microsoft-Windows-Security-Auditing","DESKTOP-MURT1QD"
"10/5/2026 4:15:08 PM","4624","Microsoft-Windows-Security-Auditing","DESKTOP-MURT1QD"
"10/5/2026 4:15:05 PM","4624","Microsoft-Windows-Security-Auditing","DESKTOP-MURT1QD"
"10/5/2026 4:14:42 PM","4624","Microsoft-Windows-Security-Auditing","DESKTOP-MURT1QD"
"10/5/2026 4:14:41 PM","4624","Microsoft-Windows-Security-Auditing","DESKTOP-MURT1QD"
"10/5/2026 4:11:39 PM","4624","Microsoft-Windows-Security-Auditing","DESKTOP-MURT1QD"
"10/5/2026 4:05:59 PM","4624","Microsoft-Windows-Security-Auditing","DESKTOP-MURT1QD"
"10/5/2026 4:00:16 PM","4624","Microsoft-Windows-Security-Auditing","DESKTOP-MURT1QD"
"10/5/2026 4:00:16 PM","4624","Microsoft-Windows-Security-Auditing","DESKTOP-MURT1QD"
"10/5/2026 3:50:16 PM","4624","Microsoft-Windows-Security-Auditing","DESKTOP-MURT1QD"
"10/5/2026 3:47:05 PM","4624","Microsoft-Windows-Security-Auditing","DESKTOP-MURT1QD"
"10/5/2026 3:47:03 PM","4624","Microsoft-Windows-Security-Auditing","DESKTOP-MURT1QD"
"10/5/2026 3:45:16 PM","4624","Microsoft-Windows-Security-Auditing","DESKTOP-MURT1QD"
"10/5/2026 3:40:15 PM","4624","Microsoft-Windows-Security-Auditing","DESKTOP-MURT1QD"
"10/5/2026 3:37:04 PM","4624","Microsoft-Windows-Security-Auditing","DESKTOP-MURT1QD"
"10/5/2026 3:37:03 PM","4624","Microsoft-Windows-Security-Auditing","DESKTOP-MURT1QD"
"10/5/2026 3:37:03 PM","4624","Microsoft-Windows-Security-Auditing","DESKTOP-MURT1QD"
"10/5/2026 3:35:19 PM","4624","Microsoft-Windows-Security-Auditing","DESKTOP-MURT1QD"
"10/5/2026 3:30:16 PM","4624","Microsoft-Windows-Security-Auditing","DESKTOP-MURT1QD"
"10/5/2026 3:28:41 PM","4624","Microsoft-Windows-Security-Auditing","DESKTOP-MURT1QD"
"10/5/2026 3:28:41 PM","4624","Microsoft-Windows-Security-Auditing","DESKTOP-MURT1QD"
"10/5/2026 3:28:36 PM","4624","Microsoft-Windows-Security-Auditing","DESKTOP-MURT1QD"
"10/5/2026 3:28:34 PM","4624","Microsoft-Windows-Security-Auditing","DESKTOP-MURT1QD"
"10/5/2026 3:20:53 PM","4624","Microsoft-Windows-Security-Auditing","DESKTOP-MURT1QD"
"10/5/2026 3:20:13 PM","4624","Microsoft-Windows-Security-Auditing","DESKTOP-MURT1QD"
"10/5/2026 3:15:08 PM","4624","Microsoft-Windows-Security-Auditing","DESKTOP-MURT1QD"
"10/5/2026 3:14:40 PM","4624","Microsoft-Windows-Security-Auditing","DESKTOP-MURT1QD"
"10/5/2026 3:10:51 PM","4624","Microsoft-Windows-Security-Auditing","DESKTOP-MURT1QD"
"10/5/2026 3:10:50 PM","4624","Microsoft-Windows-Security-Auditing","DESKTOP-MURT1QD"
"10/5/2026 3:10:44 PM","4624","Microsoft-Windows-Security-Auditing","DESKTOP-MURT1QD"
"10/5/2026 3:10:43 PM","4624","Microsoft-Windows-Security-Auditing","DESKTOP-MURT1QD"
"10/5/2026 3:03:22 PM","4624","Microsoft-Windows-Security-Auditing","DESKTOP-MURT1QD"
"10/5/2026 3:03:19 PM","4624","Microsoft-Windows-Security-Auditing","DESKTOP-MURT1QD"
"10/5/2026 3:03:13 PM","4624","Microsoft-Windows-Security-Auditing","DESKTOP-MURT1QD"
"10/5/2026 3:02:59 PM","4624","Microsoft-Windows-Security-Auditing","DESKTOP-MURT1QD"
"10/5/2026 3:02:59 PM","4624","Microsoft-Windows-Security-Auditing","DESKTOP-MURT1QD"
"10/5/2026 3:02:59 PM","4624","Microsoft-Windows-Security-Auditing","DESKTOP-MURT1QD"
"10/5/2026 3:02:28 PM","4624","Microsoft-Windows-Security-Auditing","DESKTOP-MURT1QD"
"10/5/2026 3:02:28 PM","4624","Microsoft-Windows-Security-Auditing","DESKTOP-MURT1QD"
"10/5/2026 3:02:28 PM","4624","Microsoft-Windows-Security-Auditing","DESKTOP-MURT1QD"
"10/5/2026 3:02:27 PM","4624","Microsoft-Windows-Security-Auditing","DESKTOP-MURT1QD"
"10/5/2026 3:02:27 PM","4624","Microsoft-Windows-Security-Auditing","DESKTOP-MURT1QD"
"10/5/2026 3:02:12 PM","4624","Microsoft-Windows-Security-Auditing","DESKTOP-MURT1QD"
"10/5/2026 3:02:07 PM","4624","Microsoft-Windows-Security-Auditing","DESKTOP-MURT1QD"
"10/5/2026 3:02:07 PM","4624","Microsoft-Windows-Security-Auditing","DESKTOP-MURT1QD"
"10/5/2026 3:02:06 PM","4624","Microsoft-Windows-Security-Auditing","DESKTOP-MURT1QD"
"10/5/2026 3:02:06 PM","4624","Microsoft-Windows-Security-Auditing","DESKTOP-MURT1QD"
"10/5/2026 3:00:58 PM","4624","Microsoft-Windows-Security-Auditing","DESKTOP-MURT1QD"
"10/5/2026 3:00:45 PM","4624","Microsoft-Windows-Security-Auditing","DESKTOP-MURT1QD"
"10/5/2026 3:00:42 PM","4624","Microsoft-Windows-Security-Auditing","DESKTOP-MURT1QD"
"10/5/2026 3:00:33 PM","4624","Microsoft-Windows-Security-Auditing","DESKTOP-MURT1QD"
"10/5/2026 3:00:33 PM","4624","Microsoft-Windows-Security-Auditing","DESKTOP-MURT1QD"
"10/5/2026 3:00:30 PM","4624","Microsoft-Windows-Security-Auditing","DESKTOP-MURT1QD"
"10/5/2026 3:00:21 PM","4624","Microsoft-Windows-Security-Auditing","DESKTOP-MURT1QD"
"10/5/2026 3:00:18 PM","4624","Microsoft-Windows-Security-Auditing","DESKTOP-MURT1QD"
"10/5/2026 3:00:18 PM","4624","Microsoft-Windows-Security-Auditing","DESKTOP-MURT1QD"
"10/5/2026 3:00:18 PM","4624","Microsoft-Windows-Security-Auditing","DESKTOP-MURT1QD"
"10/5/2026 3:00:18 PM","4624","Microsoft-Windows-Security-Auditing","DESKTOP-MURT1QD"
"10/5/2026 3:00:18 PM","4624","Microsoft-Windows-Security-Auditing","DESKTOP-MURT1QD"
"10/5/2026 3:00:18 PM","4624","Microsoft-Windows-Security-Auditing","DESKTOP-MURT1QD"
"10/5/2026 3:00:18 PM","4624","Microsoft-Windows-Security-Auditing","DESKTOP-MURT1QD"
"10/5/2026 3:00:18 PM","4624","Microsoft-Windows-Security-Auditing","DESKTOP-MURT1QD"
"10/5/2026 3:00:17 PM","4624","Microsoft-Windows-Security-Auditing","DESKTOP-MURT1QD"
"10/5/2026 3:00:17 PM","4624","Microsoft-Windows-Security-Auditing","DESKTOP-MURT1QD"
"10/5/2026 3:00:17 PM","4624","Microsoft-Windows-Security-Auditing","DESKTOP-MURT1QD"
"10/5/2026 3:00:16 PM","4624","Microsoft-Windows-Security-Auditing","DESKTOP-MURT1QD"
"10/5/2026 3:00:15 PM","4624","Microsoft-Windows-Security-Auditing","DESKTOP-MURT1QD"
"10/5/2026 3:00:13 PM","4624","Microsoft-Windows-Security-Auditing","DESKTOP-MURT1QD"
"10/5/2026 3:00:09 PM","4624","Microsoft-Windows-Security-Auditing","DESKTOP-MURT1QD"
"10/5/2026 3:00:09 PM","4624","Microsoft-Windows-Security-Auditing","DESKTOP-MURT1QD"
"10/5/2026 3:00:09 PM","4624","Microsoft-Windows-Security-Auditing","DESKTOP-MURT1QD"
"10/5/2026 3:00:08 PM","4624","Microsoft-Windows-Security-Auditing","DESKTOP-MURT1QD"
"10/5/2026 3:00:07 PM","4624","Microsoft-Windows-Security-Auditing","DESKTOP-MURT1QD"
"10/5/2026 3:00:07 PM","4624","Microsoft-Windows-Security-Auditing","DESKTOP-MURT1QD"
"10/5/2026 3:00:07 PM","4624","Microsoft-Windows-Security-Auditing","DESKTOP-MURT1QD"
"10/5/2026 3:00:07 PM","4624","Microsoft-Windows-Security-Auditing","DESKTOP-MURT1QD"
"10/5/2026 3:00:07 PM","4624","Microsoft-Windows-Security-Auditing","DESKTOP-MURT1QD"
"10/5/2026 3:00:07 PM","4624","Microsoft-Windows-Security-Auditing","DESKTOP-MURT1QD"
"10/5/2026 3:00:06 PM","4624","Microsoft-Windows-Security-Auditing","DESKTOP-MURT1QD"
"10/5/2026 3:00:06 PM","4624","Microsoft-Windows-Security-Auditing","DESKTOP-MURT1QD"
"10/5/2026 3:00:05 PM","4624","Microsoft-Windows-Security-Auditing","DESKTOP-MURT1QD"
"10/5/2026 3:00:05 PM","4624","Microsoft-Windows-Security-Auditing","DESKTOP-MURT1QD"
"10/5/2026 3:00:05 PM","4624","Microsoft-Windows-Security-Auditing","DESKTOP-MURT1QD"
"10/5/2026 3:00:05 PM","4624","Microsoft-Windows-Security-Auditing","DESKTOP-MURT1QD"
"10/5/2026 3:00:05 PM","4624","Microsoft-Windows-Security-Auditing","DESKTOP-MURT1QD"
"10/5/2026 3:00:05 PM","4624","Microsoft-Windows-Security-Auditing","DESKTOP-MURT1QD"
"10/5/2026 3:00:05 PM","4624","Microsoft-Windows-Security-Auditing","DESKTOP-MURT1QD"
"10/5/2026 3:00:05 PM","4624","Microsoft-Windows-Security-Auditing","DESKTOP-MURT1QD"
"10/5/2026 3:00:05 PM","4624","Microsoft-Windows-Security-Auditing","DESKTOP-MURT1QD"
"10/5/2026 3:00:05 PM","4624","Microsoft-Windows-Security-Auditing","DESKTOP-MURT1QD"
"10/5/2026 3:00:05 PM","4624","Microsoft-Windows-Security-Auditing","DESKTOP-MURT1QD"
"10/5/2026 3:00:05 PM","4624","Microsoft-Windows-Security-Auditing","DESKTOP-MURT1QD"
"10/5/2026 3:00:05 PM","4624","Microsoft-Windows-Security-Auditing","DESKTOP-MURT1QD"
"10/5/2026 3:00:05 PM","4624","Microsoft-Windows-Security-Auditing","DESKTOP-MURT1QD"
"10/5/2026 3:00:05 PM","4624","Microsoft-Windows-Security-Auditing","DESKTOP-MURT1QD"
"10/5/2026 3:00:05 PM","4624","Microsoft-Windows-Security-Auditing","DESKTOP-MURT1QD"
"10/5/2026 3:00:05 PM","4624","Microsoft-Windows-Security-Auditing","DESKTOP-MURT1QD"
"10/5/2026 3:00:05 PM","4624","Microsoft-Windows-Security-Auditing","DESKTOP-MURT1QD"
"10/5/2026 3:00:05 PM","4624","Microsoft-Windows-Security-Auditing","DESKTOP-MURT1QD"
"10/5/2026 3:00:05 PM","4624","Microsoft-Windows-Security-Auditing","DESKTOP-MURT1QD"
"10/5/2026 3:00:05 PM","4624","Microsoft-Windows-Security-Auditing","DESKTOP-MURT1QD"
"10/5/2026 3:00:05 PM","4624","Microsoft-Windows-Security-Auditing","DESKTOP-MURT1QD"
"10/5/2026 3:00:05 PM","4624","Microsoft-Windows-Security-Auditing","DESKTOP-MURT1QD"
"10/5/2026 3:00:05 PM","4624","Microsoft-Windows-Security-Auditing","DESKTOP-MURT1QD"
"10/5/2026 3:00:04 PM","4624","Microsoft-Windows-Security-Auditing","DESKTOP-MURT1QD"
"10/5/2026 3:00:04 PM","4624","Microsoft-Windows-Security-Auditing","DESKTOP-MURT1QD"
"10/5/2026 3:00:04 PM","4624","Microsoft-Windows-Security-Auditing","DESKTOP-MURT1QD"
"10/5/2026 3:00:04 PM","4624","Microsoft-Windows-Security-Auditing","DESKTOP-MURT1QD"
"10/5/2026 3:00:04 PM","4624","Microsoft-Windows-Security-Auditing","DESKTOP-MURT1QD"
"10/5/2026 3:00:04 PM","4624","Microsoft-Windows-Security-Auditing","DESKTOP-MURT1QD"
"10/5/2026 3:00:04 PM","4624","Microsoft-Windows-Security-Auditing","DESKTOP-MURT1QD"
"10/5/2026 1:57:19 PM","4624","Microsoft-Windows-Security-Auditing","DESKTOP-MURT1QD"
"10/5/2026 1:57:19 PM","4624","Microsoft-Windows-Security-Auditing","DESKTOP-MURT1QD"
"10/5/2026 1:57:16 PM","4624","Microsoft-Windows-Security-Auditing","DESKTOP-MURT1QD"
"10/5/2026 1:54:01 PM","4624","Microsoft-Windows-Security-Auditing","DESKTOP-MURT1QD"
"10/5/2026 1:53:56 PM","4624","Microsoft-Windows-Security-Auditing","DESKTOP-MURT1QD"
"10/5/2026 1:52:46 PM","4624","Microsoft-Windows-Security-Auditing","DESKTOP-MURT1QD"
"10/5/2026 1:52:45 PM","4624","Microsoft-Windows-Security-Auditing","DESKTOP-MURT1QD"
"10/5/2026 1:52:45 PM","4624","Microsoft-Windows-Security-Auditing","DESKTOP-MURT1QD"
"10/5/2026 1:52:23 PM","4624","Microsoft-Windows-Security-Auditing","DESKTOP-MURT1QD"
"10/5/2026 1:48:23 PM","4624","Microsoft-Windows-Security-Auditing","DESKTOP-MURT1QD"
"10/5/2026 1:47:45 PM","4624","Microsoft-Windows-Security-Auditing","DESKTOP-MURT1QD"
"10/5/2026 1:47:16 PM","4624","Microsoft-Windows-Security-Auditing","DESKTOP-MURT1QD"
"10/5/2026 1:47:15 PM","4624","Microsoft-Windows-Security-Auditing","DESKTOP-MURT1QD"
"10/5/2026 1:47:15 PM","4624","Microsoft-Windows-Security-Auditing","DESKTOP-MURT1QD"
"10/5/2026 1:47:14 PM","4624","Microsoft-Windows-Security-Auditing","DESKTOP-MURT1QD"
"10/5/2026 1:42:23 PM","4624","Microsoft-Windows-Security-Auditing","DESKTOP-MURT1QD"
"10/5/2026 1:40:41 PM","4624","Microsoft-Windows-Security-Auditing","DESKTOP-MURT1QD"
"10/5/2026 1:30:40 PM","4624","Microsoft-Windows-Security-Auditing","DESKTOP-MURT1QD"
"10/5/2026 1:30:39 PM","4624","Microsoft-Windows-Security-Auditing","DESKTOP-MURT1QD"
"10/5/2026 1:20:38 PM","4624","Microsoft-Windows-Security-Auditing","DESKTOP-MURT1QD"
"10/5/2026 1:15:40 PM","4624","Microsoft-Windows-Security-Auditing","DESKTOP-MURT1QD"
"10/5/2026 1:15:27 PM","4624","Microsoft-Windows-Security-Auditing","DESKTOP-MURT1QD"
"10/5/2026 1:08:37 PM","4624","Microsoft-Windows-Security-Auditing","DESKTOP-MURT1QD"
"10/5/2026 1:06:36 PM","4624","Microsoft-Windows-Security-Auditing","DESKTOP-MURT1QD"
"10/5/2026 1:06:18 PM","4624","Microsoft-Windows-Security-Auditing","DESKTOP-MURT1QD"
"10/5/2026 1:05:56 PM","4624","Microsoft-Windows-Security-Auditing","DESKTOP-MURT1QD"
"10/5/2026 1:05:39 PM","4624","Microsoft-Windows-Security-Auditing","DESKTOP-MURT1QD"
"10/5/2026 1:03:39 PM","4624","Microsoft-Windows-Security-Auditing","DESKTOP-MURT1QD"
"10/5/2026 1:03:04 PM","4624","Microsoft-Windows-Security-Auditing","DESKTOP-MURT1QD"
"10/5/2026 1:03:02 PM","4624","Microsoft-Windows-Security-Auditing","DESKTOP-MURT1QD"
"10/5/2026 1:03:02 PM","4624","Microsoft-Windows-Security-Auditing","DESKTOP-MURT1QD"
"10/5/2026 1:03:02 PM","4624","Microsoft-Windows-Security-Auditing","DESKTOP-MURT1QD"
"10/5/2026 1:03:02 PM","4624","Microsoft-Windows-Security-Auditing","DESKTOP-MURT1QD"
"10/5/2026 1:03:02 PM","4624","Microsoft-Windows-Security-Auditing","DESKTOP-MURT1QD"
"10/5/2026 1:03:01 PM","4624","Microsoft-Windows-Security-Auditing","DESKTOP-MURT1QD"
"10/5/2026 1:02:55 PM","4624","Microsoft-Windows-Security-Auditing","DESKTOP-MURT1QD"
"10/5/2026 1:02:55 PM","4624","Microsoft-Windows-Security-Auditing","DESKTOP-MURT1QD"
"10/5/2026 1:02:38 PM","4624","Microsoft-Windows-Security-Auditing","DESKTOP-MURT1QD"
"10/5/2026 1:01:29 PM","4624","Microsoft-Windows-Security-Auditing","DESKTOP-MURT1QD"
"10/5/2026 1:01:08 PM","4624","Microsoft-Windows-Security-Auditing","DESKTOP-MURT1QD"
"10/5/2026 1:01:02 PM","4624","Microsoft-Windows-Security-Auditing","DESKTOP-MURT1QD"
"10/5/2026 1:01:02 PM","4624","Microsoft-Windows-Security-Auditing","DESKTOP-MURT1QD"
"10/5/2026 1:01:02 PM","4624","Microsoft-Windows-Security-Auditing","DESKTOP-MURT1QD"
"10/5/2026 1:01:00 PM","4624","Microsoft-Windows-Security-Auditing","DESKTOP-MURT1QD"
"10/5/2026 1:00:54 PM","4624","Microsoft-Windows-Security-Auditing","DESKTOP-MURT1QD"
"10/5/2026 1:00:54 PM","4624","Microsoft-Windows-Security-Auditing","DESKTOP-MURT1QD"
"10/5/2026 1:00:54 PM","4624","Microsoft-Windows-Security-Auditing","DESKTOP-MURT1QD"
"10/5/2026 1:00:48 PM","4624","Microsoft-Windows-Security-Auditing","DESKTOP-MURT1QD"
"10/5/2026 1:00:47 PM","4624","Microsoft-Windows-Security-Auditing","DESKTOP-MURT1QD"
"10/5/2026 1:00:42 PM","4624","Microsoft-Windows-Security-Auditing","DESKTOP-MURT1QD"
"10/5/2026 1:00:42 PM","4624","Microsoft-Windows-Security-Auditing","DESKTOP-MURT1QD"
"10/5/2026 1:00:42 PM","4624","Microsoft-Windows-Security-Auditing","DESKTOP-MURT1QD"
"10/5/2026 1:00:42 PM","4624","Microsoft-Windows-Security-Auditing","DESKTOP-MURT1QD"
"10/5/2026 1:00:42 PM","4624","Microsoft-Windows-Security-Auditing","DESKTOP-MURT1QD"
"10/5/2026 1:00:42 PM","4624","Microsoft-Windows-Security-Auditing","DESKTOP-MURT1QD"
"10/5/2026 1:00:42 PM","4624","Microsoft-Windows-Security-Auditing","DESKTOP-MURT1QD"
"10/5/2026 1:00:42 PM","4624","Microsoft-Windows-Security-Auditing","DESKTOP-MURT1QD"
"10/5/2026 1:00:41 PM","4624","Microsoft-Windows-Security-Auditing","DESKTOP-MURT1QD"
"10/5/2026 1:00:41 PM","4624","Microsoft-Windows-Security-Auditing","DESKTOP-MURT1QD"
"10/5/2026 1:00:40 PM","4624","Microsoft-Windows-Security-Auditing","DESKTOP-MURT1QD"
"10/5/2026 1:00:37 PM","4624","Microsoft-Windows-Security-Auditing","DESKTOP-MURT1QD"
"10/5/2026 1:00:37 PM","4624","Microsoft-Windows-Security-Auditing","DESKTOP-MURT1QD"
"10/5/2026 1:00:32 PM","4624","Microsoft-Windows-Security-Auditing","DESKTOP-MURT1QD"
"10/5/2026 1:00:31 PM","4624","Microsoft-Windows-Security-Auditing","DESKTOP-MURT1QD"
"10/5/2026 1:00:30 PM","4624","Microsoft-Windows-Security-Auditing","DESKTOP-MURT1QD"
"10/5/2026 1:00:29 PM","4624","Microsoft-Windows-Security-Auditing","DESKTOP-MURT1QD"
"10/5/2026 1:00:29 PM","4624","Microsoft-Windows-Security-Auditing","DESKTOP-MURT1QD"
"10/5/2026 1:00:28 PM","4624","Microsoft-Windows-Security-Auditing","DESKTOP-MURT1QD"
"10/5/2026 1:00:28 PM","4624","Microsoft-Windows-Security-Auditing","DESKTOP-MURT1QD"
"10/5/2026 1:00:28 PM","4624","Microsoft-Windows-Security-Auditing","DESKTOP-MURT1QD"
"10/5/2026 1:00:28 PM","4624","Microsoft-Windows-Security-Auditing","DESKTOP-MURT1QD"
"10/5/2026 1:00:28 PM","4624","Microsoft-Windows-Security-Auditing","DESKTOP-MURT1QD"
"10/5/2026 1:00:26 PM","4624","Microsoft-Windows-Security-Auditing","DESKTOP-MURT1QD"
"10/5/2026 1:00:24 PM","4624","Microsoft-Windows-Security-Auditing","DESKTOP-MURT1QD"
"10/5/2026 1:00:24 PM","4624","Microsoft-Windows-Security-Auditing","DESKTOP-MURT1QD"
"10/5/2026 1:00:24 PM","4624","Microsoft-Windows-Security-Auditing","DESKTOP-MURT1QD"
"10/5/2026 1:00:24 PM","4624","Microsoft-Windows-Security-Auditing","DESKTOP-MURT1QD"
"10/5/2026 1:00:24 PM","4624","Microsoft-Windows-Security-Auditing","DESKTOP-MURT1QD"
"10/5/2026 1:00:24 PM","4624","Microsoft-Windows-Security-Auditing","DESKTOP-MURT1QD"
"10/5/2026 1:00:24 PM","4624","Microsoft-Windows-Security-Auditing","DESKTOP-MURT1QD"
"10/5/2026 1:00:23 PM","4624","Microsoft-Windows-Security-Auditing","DESKTOP-MURT1QD"
"10/5/2026 1:00:23 PM","4624","Microsoft-Windows-Security-Auditing","DESKTOP-MURT1QD"
"10/5/2026 1:00:23 PM","4624","Microsoft-Windows-Security-Auditing","DESKTOP-MURT1QD"
"10/5/2026 1:00:23 PM","4624","Microsoft-Windows-Security-Auditing","DESKTOP-MURT1QD"
"10/5/2026 1:00:23 PM","4624","Microsoft-Windows-Security-Auditing","DESKTOP-MURT1QD"
"10/5/2026 1:00:23 PM","4624","Microsoft-Windows-Security-Auditing","DESKTOP-MURT1QD"
"10/5/2026 1:00:23 PM","4624","Microsoft-Windows-Security-Auditing","DESKTOP-MURT1QD"
"10/5/2026 1:00:23 PM","4624","Microsoft-Windows-Security-Auditing","DESKTOP-MURT1QD"
"10/5/2026 1:00:23 PM","4624","Microsoft-Windows-Security-Auditing","DESKTOP-MURT1QD"
"10/5/2026 1:00:23 PM","4624","Microsoft-Windows-Security-Auditing","DESKTOP-MURT1QD"
"10/5/2026 1:00:23 PM","4624","Microsoft-Windows-Security-Auditing","DESKTOP-MURT1QD"
"10/5/2026 1:00:23 PM","4624","Microsoft-Windows-Security-Auditing","DESKTOP-MURT1QD"
"10/5/2026 1:00:23 PM","4624","Microsoft-Windows-Security-Auditing","DESKTOP-MURT1QD"
"10/5/2026 1:00:23 PM","4624","Microsoft-Windows-Security-Auditing","DESKTOP-MURT1QD"
"10/5/2026 1:00:23 PM","4624","Microsoft-Windows-Security-Auditing","DESKTOP-MURT1QD"
"10/5/2026 1:00:23 PM","4624","Microsoft-Windows-Security-Auditing","DESKTOP-MURT1QD"
"10/5/2026 1:00:22 PM","4624","Microsoft-Windows-Security-Auditing","DESKTOP-MURT1QD"
"10/5/2026 1:00:22 PM","4624","Microsoft-Windows-Security-Auditing","DESKTOP-MURT1QD"
"10/5/2026 1:00:22 PM","4624","Microsoft-Windows-Security-Auditing","DESKTOP-MURT1QD"
"10/5/2026 1:00:22 PM","4624","Microsoft-Windows-Security-Auditing","DESKTOP-MURT1QD"
"10/5/2026 1:00:22 PM","4624","Microsoft-Windows-Security-Auditing","DESKTOP-MURT1QD"
"10/5/2026 1:00:22 PM","4624","Microsoft-Windows-Security-Auditing","DESKTOP-MURT1QD"
"10/5/2026 1:00:22 PM","4624","Microsoft-Windows-Security-Auditing","DESKTOP-MURT1QD"
"10/5/2026 1:00:22 PM","4624","Microsoft-Windows-Security-Auditing","DESKTOP-MURT1QD"
"10/5/2026 1:00:21 PM","4624","Microsoft-Windows-Security-Auditing","DESKTOP-MURT1QD"
"10/5/2026 12:56:51 PM","4624","Microsoft-Windows-Security-Auditing","DESKTOP-MURT1QD"
"10/5/2026 12:56:31 PM","4624","Microsoft-Windows-Security-Auditing","DESKTOP-MURT1QD"
"10/5/2026 12:56:09 PM","4624","Microsoft-Windows-Security-Auditing","DESKTOP-MURT1QD"
"10/5/2026 12:56:03 PM","4624","Microsoft-Windows-Security-Auditing","DESKTOP-MURT1QD"
"10/5/2026 12:56:02 PM","4624","Microsoft-Windows-Security-Auditing","DESKTOP-MURT1QD"
"10/5/2026 12:56:02 PM","4624","Microsoft-Windows-Security-Auditing","DESKTOP-MURT1QD"
"10/5/2026 12:55:59 PM","4624","Microsoft-Windows-Security-Auditing","DESKTOP-MURT1QD"
"10/5/2026 12:55:54 PM","4624","Microsoft-Windows-Security-Auditing","DESKTOP-MURT1QD"
"10/5/2026 12:55:49 PM","4624","Microsoft-Windows-Security-Auditing","DESKTOP-MURT1QD"
"10/5/2026 12:55:49 PM","4624","Microsoft-Windows-Security-Auditing","DESKTOP-MURT1QD"
"10/5/2026 12:55:48 PM","4624","Microsoft-Windows-Security-Auditing","DESKTOP-MURT1QD"
"10/5/2026 12:55:42 PM","4624","Microsoft-Windows-Security-Auditing","DESKTOP-MURT1QD"
"10/5/2026 12:55:42 PM","4624","Microsoft-Windows-Security-Auditing","DESKTOP-MURT1QD"
"10/5/2026 12:55:42 PM","4624","Microsoft-Windows-Security-Auditing","DESKTOP-MURT1QD"
"10/5/2026 12:55:42 PM","4624","Microsoft-Windows-Security-Auditing","DESKTOP-MURT1QD"
"10/5/2026 12:55:42 PM","4624","Microsoft-Windows-Security-Auditing","DESKTOP-MURT1QD"
"10/5/2026 12:55:42 PM","4624","Microsoft-Windows-Security-Auditing","DESKTOP-MURT1QD"
"10/5/2026 12:55:42 PM","4624","Microsoft-Windows-Security-Auditing","DESKTOP-MURT1QD"
"10/5/2026 12:55:41 PM","4624","Microsoft-Windows-Security-Auditing","DESKTOP-MURT1QD"
"10/5/2026 12:55:41 PM","4624","Microsoft-Windows-Security-Auditing","DESKTOP-MURT1QD"
"10/5/2026 12:55:41 PM","4624","Microsoft-Windows-Security-Auditing","DESKTOP-MURT1QD"
"10/5/2026 12:55:40 PM","4624","Microsoft-Windows-Security-Auditing","DESKTOP-MURT1QD"
"10/5/2026 12:55:37 PM","4624","Microsoft-Windows-Security-Auditing","DESKTOP-MURT1QD"
"10/5/2026 12:55:37 PM","4624","Microsoft-Windows-Security-Auditing","DESKTOP-MURT1QD"
"10/5/2026 12:55:33 PM","4624","Microsoft-Windows-Security-Auditing","DESKTOP-MURT1QD"
"10/5/2026 12:55:32 PM","4624","Microsoft-Windows-Security-Auditing","DESKTOP-MURT1QD"
"10/5/2026 12:55:31 PM","4624","Microsoft-Windows-Security-Auditing","DESKTOP-MURT1QD"
"10/5/2026 12:55:30 PM","4624","Microsoft-Windows-Security-Auditing","DESKTOP-MURT1QD"
"10/5/2026 12:55:30 PM","4624","Microsoft-Windows-Security-Auditing","DESKTOP-MURT1QD"
"10/5/2026 12:55:29 PM","4624","Microsoft-Windows-Security-Auditing","DESKTOP-MURT1QD"
"10/5/2026 12:55:29 PM","4624","Microsoft-Windows-Security-Auditing","DESKTOP-MURT1QD"
"10/5/2026 12:55:29 PM","4624","Microsoft-Windows-Security-Auditing","DESKTOP-MURT1QD"
"10/5/2026 12:55:29 PM","4624","Microsoft-Windows-Security-Auditing","DESKTOP-MURT1QD"
"10/5/2026 12:55:29 PM","4624","Microsoft-Windows-Security-Auditing","DESKTOP-MURT1QD"
"10/5/2026 12:55:27 PM","4624","Microsoft-Windows-Security-Auditing","DESKTOP-MURT1QD"
"10/5/2026 12:55:25 PM","4624","Microsoft-Windows-Security-Auditing","DESKTOP-MURT1QD"
"10/5/2026 12:55:25 PM","4624","Microsoft-Windows-Security-Auditing","DESKTOP-MURT1QD"
"10/5/2026 12:55:25 PM","4624","Microsoft-Windows-Security-Auditing","DESKTOP-MURT1QD"
"10/5/2026 12:55:25 PM","4624","Microsoft-Windows-Security-Auditing","DESKTOP-MURT1QD"
"10/5/2026 12:55:25 PM","4624","Microsoft-Windows-Security-Auditing","DESKTOP-MURT1QD"
"10/5/2026 12:55:24 PM","4624","Microsoft-Windows-Security-Auditing","DESKTOP-MURT1QD"
"10/5/2026 12:55:24 PM","4624","Microsoft-Windows-Security-Auditing","DESKTOP-MURT1QD"
"10/5/2026 12:55:24 PM","4624","Microsoft-Windows-Security-Auditing","DESKTOP-MURT1QD"
"10/5/2026 12:55:24 PM","4624","Microsoft-Windows-Security-Auditing","DESKTOP-MURT1QD"
"10/5/2026 12:55:24 PM","4624","Microsoft-Windows-Security-Auditing","DESKTOP-MURT1QD"
"10/5/2026 12:55:24 PM","4624","Microsoft-Windows-Security-Auditing","DESKTOP-MURT1QD"
"10/5/2026 12:55:24 PM","4624","Microsoft-Windows-Security-Auditing","DESKTOP-MURT1QD"
"10/5/2026 12:55:24 PM","4624","Microsoft-Windows-Security-Auditing","DESKTOP-MURT1QD"
"10/5/2026 12:55:24 PM","4624","Microsoft-Windows-Security-Auditing","DESKTOP-MURT1QD"
"10/5/2026 12:55:24 PM","4624","Microsoft-Windows-Security-Auditing","DESKTOP-MURT1QD"
"10/5/2026 12:55:24 PM","4624","Microsoft-Windows-Security-Auditing","DESKTOP-MURT1QD"
"10/5/2026 12:55:24 PM","4624","Microsoft-Windows-Security-Auditing","DESKTOP-MURT1QD"
"10/5/2026 12:55:24 PM","4624","Microsoft-Windows-Security-Auditing","DESKTOP-MURT1QD"
"10/5/2026 12:55:24 PM","4624","Microsoft-Windows-Security-Auditing","DESKTOP-MURT1QD"
"10/5/2026 12:55:23 PM","4624","Microsoft-Windows-Security-Auditing","DESKTOP-MURT1QD"
"10/5/2026 12:55:23 PM","4624","Microsoft-Windows-Security-Auditing","DESKTOP-MURT1QD"
"10/5/2026 12:55:23 PM","4624","Microsoft-Windows-Security-Auditing","DESKTOP-MURT1QD"
"10/5/2026 12:55:23 PM","4624","Microsoft-Windows-Security-Auditing","DESKTOP-MURT1QD"
"10/5/2026 12:55:23 PM","4624","Microsoft-Windows-Security-Auditing","DESKTOP-MURT1QD"
"10/5/2026 12:55:23 PM","4624","Microsoft-Windows-Security-Auditing","DESKTOP-MURT1QD"
"10/5/2026 12:55:23 PM","4624","Microsoft-Windows-Security-Auditing","DESKTOP-MURT1QD"
"10/5/2026 12:55:23 PM","4624","Microsoft-Windows-Security-Auditing","DESKTOP-MURT1QD"
"10/5/2026 12:55:23 PM","4624","Microsoft-Windows-Security-Auditing","DESKTOP-MURT1QD"
"10/5/2026 12:55:23 PM","4624","Microsoft-Windows-Security-Auditing","DESKTOP-MURT1QD"
"10/5/2026 12:55:23 PM","4624","Microsoft-Windows-Security-Auditing","DESKTOP-MURT1QD"
"10/5/2026 12:55:23 PM","4624","Microsoft-Windows-Security-Auditing","DESKTOP-MURT1QD"
"10/5/2026 12:55:22 PM","4624","Microsoft-Windows-Security-Auditing","DESKTOP-MURT1QD"
"10/5/2026 12:53:45 PM","4624","Microsoft-Windows-Security-Auditing","DESKTOP-MURT1QD"
"10/5/2026 12:53:45 PM","4624","Microsoft-Windows-Security-Auditing","DESKTOP-MURT1QD"
"10/5/2026 12:53:16 PM","4624","Microsoft-Windows-Security-Auditing","DESKTOP-MURT1QD"
"10/5/2026 12:53:15 PM","4624","Microsoft-Windows-Security-Auditing","DESKTOP-MURT1QD"
"10/5/2026 12:53:15 PM","4624","Microsoft-Windows-Security-Auditing","DESKTOP-MURT1QD"
"10/5/2026 12:51:57 PM","4624","Microsoft-Windows-Security-Auditing","DESKTOP-MURT1QD"
"10/5/2026 12:51:22 PM","4624","Microsoft-Windows-Security-Auditing","DESKTOP-MURT1QD"
"10/5/2026 12:49:20 PM","4624","Microsoft-Windows-Security-Auditing","DESKTOP-MURT1QD"
"10/5/2026 12:49:19 PM","4624","Microsoft-Windows-Security-Auditing","DESKTOP-MURT1QD"
"10/5/2026 12:49:19 PM","4624","Microsoft-Windows-Security-Auditing","DESKTOP-MURT1QD"
"10/5/2026 12:49:19 PM","4624","Microsoft-Windows-Security-Auditing","DESKTOP-MURT1QD"
"10/5/2026 12:49:19 PM","4624","Microsoft-Windows-Security-Auditing","DESKTOP-MURT1QD"
"10/5/2026 12:49:19 PM","4624","Microsoft-Windows-Security-Auditing","DESKTOP-MURT1QD"
"10/5/2026 12:49:18 PM","4624","Microsoft-Windows-Security-Auditing","DESKTOP-MURT1QD"
"10/5/2026 12:49:18 PM","4624","Microsoft-Windows-Security-Auditing","DESKTOP-MURT1QD"
"10/5/2026 12:49:05 PM","4624","Microsoft-Windows-Security-Auditing","DESKTOP-MURT1QD"
"10/5/2026 12:48:04 PM","4624","Microsoft-Windows-Security-Auditing","DESKTOP-MURT1QD"
"10/5/2026 12:47:48 PM","4624","Microsoft-Windows-Security-Auditing","DESKTOP-MURT1QD"
"10/5/2026 12:47:37 PM","4624","Microsoft-Windows-Security-Auditing","DESKTOP-MURT1QD"
"10/5/2026 12:47:33 PM","4624","Microsoft-Windows-Security-Auditing","DESKTOP-MURT1QD"
"10/5/2026 12:47:27 PM","4624","Microsoft-Windows-Security-Auditing","DESKTOP-MURT1QD"
"10/5/2026 12:47:26 PM","4624","Microsoft-Windows-Security-Auditing","DESKTOP-MURT1QD"
"10/5/2026 12:47:20 PM","4624","Microsoft-Windows-Security-Auditing","DESKTOP-MURT1QD"
"10/5/2026 12:47:20 PM","4624","Microsoft-Windows-Security-Auditing","DESKTOP-MURT1QD"
"10/5/2026 12:47:13 PM","4624","Microsoft-Windows-Security-Auditing","DESKTOP-MURT1QD"
"10/5/2026 12:47:10 PM","4624","Microsoft-Windows-Security-Auditing","DESKTOP-MURT1QD"
"10/5/2026 12:47:10 PM","4624","Microsoft-Windows-Security-Auditing","DESKTOP-MURT1QD"
"10/5/2026 12:47:10 PM","4624","Microsoft-Windows-Security-Auditing","DESKTOP-MURT1QD"
"10/5/2026 12:47:10 PM","4624","Microsoft-Windows-Security-Auditing","DESKTOP-MURT1QD"
"10/5/2026 12:47:10 PM","4624","Microsoft-Windows-Security-Auditing","DESKTOP-MURT1QD"
"10/5/2026 12:47:10 PM","4624","Microsoft-Windows-Security-Auditing","DESKTOP-MURT1QD"
"10/5/2026 12:47:10 PM","4624","Microsoft-Windows-Security-Auditing","DESKTOP-MURT1QD"
"10/5/2026 12:47:10 PM","4624","Microsoft-Windows-Security-Auditing","DESKTOP-MURT1QD"
"10/5/2026 12:47:10 PM","4624","Microsoft-Windows-Security-Auditing","DESKTOP-MURT1QD"
"10/5/2026 12:47:09 PM","4624","Microsoft-Windows-Security-Auditing","DESKTOP-MURT1QD"
"10/5/2026 12:47:09 PM","4624","Microsoft-Windows-Security-Auditing","DESKTOP-MURT1QD"
"10/5/2026 12:47:09 PM","4624","Microsoft-Windows-Security-Auditing","DESKTOP-MURT1QD"
"10/5/2026 12:47:08 PM","4624","Microsoft-Windows-Security-Auditing","DESKTOP-MURT1QD"
"10/5/2026 12:47:08 PM","4624","Microsoft-Windows-Security-Auditing","DESKTOP-MURT1QD"
"10/5/2026 12:47:07 PM","4624","Microsoft-Windows-Security-Auditing","DESKTOP-MURT1QD"
"10/5/2026 12:47:02 PM","4624","Microsoft-Windows-Security-Auditing","DESKTOP-MURT1QD"
"10/5/2026 12:47:02 PM","4624","Microsoft-Windows-Security-Auditing","DESKTOP-MURT1QD"
"10/5/2026 12:47:01 PM","4624","Microsoft-Windows-Security-Auditing","DESKTOP-MURT1QD"
"10/5/2026 12:47:00 PM","4624","Microsoft-Windows-Security-Auditing","DESKTOP-MURT1QD"
"10/5/2026 12:46:59 PM","4624","Microsoft-Windows-Security-Auditing","DESKTOP-MURT1QD"
"10/5/2026 12:46:59 PM","4624","Microsoft-Windows-Security-Auditing","DESKTOP-MURT1QD"
"10/5/2026 12:46:59 PM","4624","Microsoft-Windows-Security-Auditing","DESKTOP-MURT1QD"
"10/5/2026 12:46:59 PM","4624","Microsoft-Windows-Security-Auditing","DESKTOP-MURT1QD"
"10/5/2026 12:46:59 PM","4624","Microsoft-Windows-Security-Auditing","DESKTOP-MURT1QD"
"10/5/2026 12:46:59 PM","4624","Microsoft-Windows-Security-Auditing","DESKTOP-MURT1QD"
"10/5/2026 12:46:58 PM","4624","Microsoft-Windows-Security-Auditing","DESKTOP-MURT1QD"
"10/5/2026 12:46:57 PM","4624","Microsoft-Windows-Security-Auditing","DESKTOP-MURT1QD"
"10/5/2026 12:46:57 PM","4624","Microsoft-Windows-Security-Auditing","DESKTOP-MURT1QD"
"10/5/2026 12:46:57 PM","4624","Microsoft-Windows-Security-Auditing","DESKTOP-MURT1QD"
"10/5/2026 12:46:57 PM","4624","Microsoft-Windows-Security-Auditing","DESKTOP-MURT1QD"
"10/5/2026 12:46:57 PM","4624","Microsoft-Windows-Security-Auditing","DESKTOP-MURT1QD"
"10/5/2026 12:46:57 PM","4624","Microsoft-Windows-Security-Auditing","DESKTOP-MURT1QD"
"10/5/2026 12:46:57 PM","4624","Microsoft-Windows-Security-Auditing","DESKTOP-MURT1QD"
"10/5/2026 12:46:57 PM","4624","Microsoft-Windows-Security-Auditing","DESKTOP-MURT1QD"
"10/5/2026 12:46:57 PM","4624","Microsoft-Windows-Security-Auditing","DESKTOP-MURT1QD"
"10/5/2026 12:46:57 PM","4624","Microsoft-Windows-Security-Auditing","DESKTOP-MURT1QD"
"10/5/2026 12:46:57 PM","4624","Microsoft-Windows-Security-Auditing","DESKTOP-MURT1QD"
"10/5/2026 12:46:57 PM","4624","Microsoft-Windows-Security-Auditing","DESKTOP-MURT1QD"
"10/5/2026 12:46:57 PM","4624","Microsoft-Windows-Security-Auditing","DESKTOP-MURT1QD"
"10/5/2026 12:46:57 PM","4624","Microsoft-Windows-Security-Auditing","DESKTOP-MURT1QD"
"10/5/2026 12:46:57 PM","4624","Microsoft-Windows-Security-Auditing","DESKTOP-MURT1QD"
"10/5/2026 12:46:57 PM","4624","Microsoft-Windows-Security-Auditing","DESKTOP-MURT1QD"
"10/5/2026 12:46:57 PM","4624","Microsoft-Windows-Security-Auditing","DESKTOP-MURT1QD"
"10/5/2026 12:46:57 PM","4624","Microsoft-Windows-Security-Auditing","DESKTOP-MURT1QD"
"10/5/2026 12:46:57 PM","4624","Microsoft-Windows-Security-Auditing","DESKTOP-MURT1QD"
"10/5/2026 12:46:57 PM","4624","Microsoft-Windows-Security-Auditing","DESKTOP-MURT1QD"
"10/5/2026 12:46:56 PM","4624","Microsoft-Windows-Security-Auditing","DESKTOP-MURT1QD"
"10/5/2026 12:46:56 PM","4624","Microsoft-Windows-Security-Auditing","DESKTOP-MURT1QD"
"10/5/2026 12:46:56 PM","4624","Microsoft-Windows-Security-Auditing","DESKTOP-MURT1QD"
"10/5/2026 12:46:56 PM","4624","Microsoft-Windows-Security-Auditing","DESKTOP-MURT1QD"
"10/5/2026 12:46:56 PM","4624","Microsoft-Windows-Security-Auditing","DESKTOP-MURT1QD"
"10/5/2026 12:46:56 PM","4624","Microsoft-Windows-Security-Auditing","DESKTOP-MURT1QD"
"10/5/2026 12:46:56 PM","4624","Microsoft-Windows-Security-Auditing","DESKTOP-MURT1QD"
"10/5/2026 12:46:56 PM","4624","Microsoft-Windows-Security-Auditing","DESKTOP-MURT1QD"
"10/5/2026 12:46:56 PM","4624","Microsoft-Windows-Security-Auditing","DESKTOP-MURT1QD"
"10/5/2026 12:46:56 PM","4624","Microsoft-Windows-Security-Auditing","DESKTOP-MURT1QD"
"10/5/2026 12:46:56 PM","4624","Microsoft-Windows-Security-Auditing","DESKTOP-MURT1QD"
"10/5/2026 12:46:56 PM","4624","Microsoft-Windows-Security-Auditing","DESKTOP-MURT1QD"
"10/5/2026 12:46:56 PM","4624","Microsoft-Windows-Security-Auditing","DESKTOP-MURT1QD"
"10/5/2026 12:39:46 PM","4624","Microsoft-Windows-Security-Auditing","DESKTOP-MURT1QD"
"10/5/2026 12:39:46 PM","4624","Microsoft-Windows-Security-Auditing","DESKTOP-MURT1QD"
"10/5/2026 12:39:45 PM","4624","Microsoft-Windows-Security-Auditing","DESKTOP-MURT1QD"
"10/5/2026 12:39:45 PM","4624","Microsoft-Windows-Security-Auditing","DESKTOP-MURT1QD"
"10/5/2026 12:32:52 PM","4624","Microsoft-Windows-Security-Auditing","DESKTOP-MURT1QD"
"10/5/2026 12:31:48 PM","4624","Microsoft-Windows-Security-Auditing","DESKTOP-MURT1QD"
"10/5/2026 12:31:09 PM","4624","Microsoft-Windows-Security-Auditing","DESKTOP-MURT1QD"
"10/5/2026 12:30:02 PM","4624","Microsoft-Windows-Security-Auditing","DESKTOP-MURT1QD"
"10/5/2026 12:27:52 PM","4624","Microsoft-Windows-Security-Auditing","DESKTOP-MURT1QD"
"10/5/2026 12:27:52 PM","4624","Microsoft-Windows-Security-Auditing","DESKTOP-MURT1QD"
"10/5/2026 12:27:52 PM","4624","Microsoft-Windows-Security-Auditing","DESKTOP-MURT1QD"
"10/5/2026 12:27:46 PM","4624","Microsoft-Windows-Security-Auditing","DESKTOP-MURT1QD"
"10/5/2026 12:25:05 PM","4624","Microsoft-Windows-Security-Auditing","DESKTOP-MURT1QD"
"10/5/2026 12:19:02 PM","4624","Microsoft-Windows-Security-Auditing","DESKTOP-MURT1QD"
"10/5/2026 12:17:33 PM","4624","Microsoft-Windows-Security-Auditing","DESKTOP-MURT1QD"
"10/5/2026 12:10:20 PM","4624","Microsoft-Windows-Security-Auditing","DESKTOP-MURT1QD"
"10/5/2026 12:10:16 PM","4624","Microsoft-Windows-Security-Auditing","DESKTOP-MURT1QD"
"10/5/2026 12:04:02 PM","4624","Microsoft-Windows-Security-Auditing","DESKTOP-MURT1QD"
"10/5/2026 12:03:01 PM","4624","Microsoft-Windows-Security-Auditing","DESKTOP-MURT1QD"
"10/5/2026 12:02:33 PM","4624","Microsoft-Windows-Security-Auditing","DESKTOP-MURT1QD"
"10/5/2026 12:00:07 PM","4624","Microsoft-Windows-Security-Auditing","DESKTOP-MURT1QD"
"10/5/2026 12:00:02 PM","4624","Microsoft-Windows-Security-Auditing","DESKTOP-MURT1QD"
"10/5/2026 11:47:33 AM","4624","Microsoft-Windows-Security-Auditing","DESKTOP-MURT1QD"
"10/5/2026 11:47:08 AM","4624","Microsoft-Windows-Security-Auditing","DESKTOP-MURT1QD"
"10/5/2026 11:37:07 AM","4624","Microsoft-Windows-Security-Auditing","DESKTOP-MURT1QD"
"10/5/2026 11:32:33 AM","4624","Microsoft-Windows-Security-Auditing","DESKTOP-MURT1QD"
"10/5/2026 11:25:09 AM","4624","Microsoft-Windows-Security-Auditing","DESKTOP-MURT1QD"
"10/5/2026 11:25:08 AM","4624","Microsoft-Windows-Security-Auditing","DESKTOP-MURT1QD"
"10/5/2026 11:25:03 AM","4624","Microsoft-Windows-Security-Auditing","DESKTOP-MURT1QD"
"10/5/2026 11:24:59 AM","4624","Microsoft-Windows-Security-Auditing","DESKTOP-MURT1QD"
"10/5/2026 11:24:57 AM","4624","Microsoft-Windows-Security-Auditing","DESKTOP-MURT1QD"
"10/5/2026 11:17:33 AM","4624","Microsoft-Windows-Security-Auditing","DESKTOP-MURT1QD"
"10/5/2026 11:17:04 AM","4624","Microsoft-Windows-Security-Auditing","DESKTOP-MURT1QD"
"10/5/2026 11:07:49 AM","4624","Microsoft-Windows-Security-Auditing","DESKTOP-MURT1QD"
"10/5/2026 11:07:02 AM","4624","Microsoft-Windows-Security-Auditing","DESKTOP-MURT1QD"
"10/5/2026 11:02:33 AM","4624","Microsoft-Windows-Security-Auditing","DESKTOP-MURT1QD"
"10/5/2026 11:01:53 AM","4624","Microsoft-Windows-Security-Auditing","DESKTOP-MURT1QD"
"10/5/2026 10:57:59 AM","4624","Microsoft-Windows-Security-Auditing","DESKTOP-MURT1QD"
"10/5/2026 10:57:56 AM","4624","Microsoft-Windows-Security-Auditing","DESKTOP-MURT1QD"
"10/5/2026 10:55:25 AM","4624","Microsoft-Windows-Security-Auditing","DESKTOP-MURT1QD"
"10/5/2026 10:54:52 AM","4624","Microsoft-Windows-Security-Auditing","DESKTOP-MURT1QD"
"10/5/2026 10:54:06 AM","4624","Microsoft-Windows-Security-Auditing","DESKTOP-MURT1QD"
"10/5/2026 10:54:06 AM","4624","Microsoft-Windows-Security-Auditing","DESKTOP-MURT1QD"
"10/5/2026 10:54:06 AM","4624","Microsoft-Windows-Security-Auditing","DESKTOP-MURT1QD"
"10/5/2026 10:50:03 AM","4624","Microsoft-Windows-Security-Auditing","DESKTOP-MURT1QD"
"10/5/2026 10:50:00 AM","4624","Microsoft-Windows-Security-Auditing","DESKTOP-MURT1QD"
"10/5/2026 10:49:56 AM","4624","Microsoft-Windows-Security-Auditing","DESKTOP-MURT1QD"
"10/5/2026 10:49:30 AM","4624","Microsoft-Windows-Security-Auditing","DESKTOP-MURT1QD"
"10/5/2026 10:49:30 AM","4624","Microsoft-Windows-Security-Auditing","DESKTOP-MURT1QD"
"10/5/2026 10:49:21 AM","4624","Microsoft-Windows-Security-Auditing","DESKTOP-MURT1QD"
"10/5/2026 10:49:20 AM","4624","Microsoft-Windows-Security-Auditing","DESKTOP-MURT1QD"
"10/5/2026 10:49:20 AM","4624","Microsoft-Windows-Security-Auditing","DESKTOP-MURT1QD"
"10/5/2026 10:49:20 AM","4624","Microsoft-Windows-Security-Auditing","DESKTOP-MURT1QD"
"10/5/2026 10:49:20 AM","4624","Microsoft-Windows-Security-Auditing","DESKTOP-MURT1QD"
"10/5/2026 10:49:19 AM","4624","Microsoft-Windows-Security-Auditing","DESKTOP-MURT1QD"
"10/5/2026 10:49:19 AM","4624","Microsoft-Windows-Security-Auditing","DESKTOP-MURT1QD"
"10/5/2026 10:49:02 AM","4624","Microsoft-Windows-Security-Auditing","DESKTOP-MURT1QD"
"10/5/2026 10:47:58 AM","4624","Microsoft-Windows-Security-Auditing","DESKTOP-MURT1QD"
"10/5/2026 10:47:50 AM","4624","Microsoft-Windows-Security-Auditing","DESKTOP-MURT1QD"
"10/5/2026 10:47:48 AM","4624","Microsoft-Windows-Security-Auditing","DESKTOP-MURT1QD"
"10/5/2026 10:47:33 AM","4624","Microsoft-Windows-Security-Auditing","DESKTOP-MURT1QD"
"10/5/2026 10:47:32 AM","4624","Microsoft-Windows-Security-Auditing","DESKTOP-MURT1QD"
"10/5/2026 10:47:27 AM","4624","Microsoft-Windows-Security-Auditing","DESKTOP-MURT1QD"
"10/5/2026 10:47:27 AM","4624","Microsoft-Windows-Security-Auditing","DESKTOP-MURT1QD"
"10/5/2026 10:47:26 AM","4624","Microsoft-Windows-Security-Auditing","DESKTOP-MURT1QD"
"10/5/2026 10:47:24 AM","4624","Microsoft-Windows-Security-Auditing","DESKTOP-MURT1QD"
"10/5/2026 10:47:11 AM","4624","Microsoft-Windows-Security-Auditing","DESKTOP-MURT1QD"
"10/5/2026 10:47:08 AM","4624","Microsoft-Windows-Security-Auditing","DESKTOP-MURT1QD"
"10/5/2026 10:47:07 AM","4624","Microsoft-Windows-Security-Auditing","DESKTOP-MURT1QD"
"10/5/2026 10:47:06 AM","4624","Microsoft-Windows-Security-Auditing","DESKTOP-MURT1QD"
"10/5/2026 10:47:06 AM","4624","Microsoft-Windows-Security-Auditing","DESKTOP-MURT1QD"
"10/5/2026 10:47:06 AM","4624","Microsoft-Windows-Security-Auditing","DESKTOP-MURT1QD"
"10/5/2026 10:47:06 AM","4624","Microsoft-Windows-Security-Auditing","DESKTOP-MURT1QD"
"10/5/2026 10:47:06 AM","4624","Microsoft-Windows-Security-Auditing","DESKTOP-MURT1QD"
"10/5/2026 10:47:06 AM","4624","Microsoft-Windows-Security-Auditing","DESKTOP-MURT1QD"
"10/5/2026 10:47:05 AM","4624","Microsoft-Windows-Security-Auditing","DESKTOP-MURT1QD"
"10/5/2026 10:47:05 AM","4624","Microsoft-Windows-Security-Auditing","DESKTOP-MURT1QD"
"10/5/2026 10:47:05 AM","4624","Microsoft-Windows-Security-Auditing","DESKTOP-MURT1QD"
"10/5/2026 10:47:03 AM","4624","Microsoft-Windows-Security-Auditing","DESKTOP-MURT1QD"
"10/5/2026 10:47:02 AM","4624","Microsoft-Windows-Security-Auditing","DESKTOP-MURT1QD"
"10/5/2026 10:47:01 AM","4624","Microsoft-Windows-Security-Auditing","DESKTOP-MURT1QD"
"10/5/2026 10:46:56 AM","4624","Microsoft-Windows-Security-Auditing","DESKTOP-MURT1QD"
"10/5/2026 10:46:56 AM","4624","Microsoft-Windows-Security-Auditing","DESKTOP-MURT1QD"
"10/5/2026 10:46:55 AM","4624","Microsoft-Windows-Security-Auditing","DESKTOP-MURT1QD"
"10/5/2026 10:46:54 AM","4624","Microsoft-Windows-Security-Auditing","DESKTOP-MURT1QD"
"10/5/2026 10:46:53 AM","4624","Microsoft-Windows-Security-Auditing","DESKTOP-MURT1QD"
"10/5/2026 10:46:53 AM","4624","Microsoft-Windows-Security-Auditing","DESKTOP-MURT1QD"
"10/5/2026 10:46:53 AM","4624","Microsoft-Windows-Security-Auditing","DESKTOP-MURT1QD"
"10/5/2026 10:46:53 AM","4624","Microsoft-Windows-Security-Auditing","DESKTOP-MURT1QD"
"10/5/2026 10:46:53 AM","4624","Microsoft-Windows-Security-Auditing","DESKTOP-MURT1QD"
"10/5/2026 10:46:51 AM","4624","Microsoft-Windows-Security-Auditing","DESKTOP-MURT1QD"
"10/5/2026 10:46:48 AM","4624","Microsoft-Windows-Security-Auditing","DESKTOP-MURT1QD"
"10/5/2026 10:46:48 AM","4624","Microsoft-Windows-Security-Auditing","DESKTOP-MURT1QD"
"10/5/2026 10:46:48 AM","4624","Microsoft-Windows-Security-Auditing","DESKTOP-MURT1QD"
"10/5/2026 10:46:48 AM","4624","Microsoft-Windows-Security-Auditing","DESKTOP-MURT1QD"
"10/5/2026 10:46:48 AM","4624","Microsoft-Windows-Security-Auditing","DESKTOP-MURT1QD"
"10/5/2026 10:46:48 AM","4624","Microsoft-Windows-Security-Auditing","DESKTOP-MURT1QD"
"10/5/2026 10:46:48 AM","4624","Microsoft-Windows-Security-Auditing","DESKTOP-MURT1QD"
"10/5/2026 10:46:48 AM","4624","Microsoft-Windows-Security-Auditing","DESKTOP-MURT1QD"
"10/5/2026 10:46:47 AM","4624","Microsoft-Windows-Security-Auditing","DESKTOP-MURT1QD"
"10/5/2026 10:46:47 AM","4624","Microsoft-Windows-Security-Auditing","DESKTOP-MURT1QD"
"10/5/2026 10:46:47 AM","4624","Microsoft-Windows-Security-Auditing","DESKTOP-MURT1QD"
"10/5/2026 10:46:47 AM","4624","Microsoft-Windows-Security-Auditing","DESKTOP-MURT1QD"
"10/5/2026 10:46:47 AM","4624","Microsoft-Windows-Security-Auditing","DESKTOP-MURT1QD"
"10/5/2026 10:46:47 AM","4624","Microsoft-Windows-Security-Auditing","DESKTOP-MURT1QD"
"10/5/2026 10:46:47 AM","4624","Microsoft-Windows-Security-Auditing","DESKTOP-MURT1QD"
"10/5/2026 10:46:47 AM","4624","Microsoft-Windows-Security-Auditing","DESKTOP-MURT1QD"
"10/5/2026 10:46:47 AM","4624","Microsoft-Windows-Security-Auditing","DESKTOP-MURT1QD"
"10/5/2026 10:46:47 AM","4624","Microsoft-Windows-Security-Auditing","DESKTOP-MURT1QD"
"10/5/2026 10:46:47 AM","4624","Microsoft-Windows-Security-Auditing","DESKTOP-MURT1QD"
"10/5/2026 10:46:47 AM","4624","Microsoft-Windows-Security-Auditing","DESKTOP-MURT1QD"
"10/5/2026 10:46:47 AM","4624","Microsoft-Windows-Security-Auditing","DESKTOP-MURT1QD"
"10/5/2026 10:46:47 AM","4624","Microsoft-Windows-Security-Auditing","DESKTOP-MURT1QD"
"10/5/2026 10:46:47 AM","4624","Microsoft-Windows-Security-Auditing","DESKTOP-MURT1QD"
"10/5/2026 10:46:47 AM","4624","Microsoft-Windows-Security-Auditing","DESKTOP-MURT1QD"
"10/5/2026 10:46:47 AM","4624","Microsoft-Windows-Security-Auditing","DESKTOP-MURT1QD"
"10/5/2026 10:46:47 AM","4624","Microsoft-Windows-Security-Auditing","DESKTOP-MURT1QD"
"10/5/2026 10:46:46 AM","4624","Microsoft-Windows-Security-Auditing","DESKTOP-MURT1QD"
"10/5/2026 10:46:46 AM","4624","Microsoft-Windows-Security-Auditing","DESKTOP-MURT1QD"
"10/5/2026 10:46:46 AM","4624","Microsoft-Windows-Security-Auditing","DESKTOP-MURT1QD"
"10/5/2026 10:46:46 AM","4624","Microsoft-Windows-Security-Auditing","DESKTOP-MURT1QD"
"10/5/2026 10:46:46 AM","4624","Microsoft-Windows-Security-Auditing","DESKTOP-MURT1QD"
"10/5/2026 10:46:46 AM","4624","Microsoft-Windows-Security-Auditing","DESKTOP-MURT1QD"
"10/5/2026 10:46:46 AM","4624","Microsoft-Windows-Security-Auditing","DESKTOP-MURT1QD"
"10/5/2026 12:50:25 AM","4624","Microsoft-Windows-Security-Auditing","DESKTOP-MURT1QD"
"10/5/2026 12:50:25 AM","4624","Microsoft-Windows-Security-Auditing","DESKTOP-MURT1QD"
"10/5/2026 12:50:17 AM","4624","Microsoft-Windows-Security-Auditing","DESKTOP-MURT1QD"
"10/5/2026 12:46:55 AM","4624","Microsoft-Windows-Security-Auditing","DESKTOP-MURT1QD"
"10/5/2026 12:37:06 AM","4624","Microsoft-Windows-Security-Auditing","DESKTOP-MURT1QD"
"10/5/2026 12:33:48 AM","4624","Microsoft-Windows-Security-Auditing","DESKTOP-MURT1QD"
"10/5/2026 12:33:47 AM","4624","Microsoft-Windows-Security-Auditing","DESKTOP-MURT1QD"
"10/5/2026 12:31:55 AM","4624","Microsoft-Windows-Security-Auditing","DESKTOP-MURT1QD"
"10/5/2026 12:18:46 AM","4624","Microsoft-Windows-Security-Auditing","DESKTOP-MURT1QD"
"10/5/2026 12:16:55 AM","4624","Microsoft-Windows-Security-Auditing","DESKTOP-MURT1QD"
"10/5/2026 12:16:32 AM","4624","Microsoft-Windows-Security-Auditing","DESKTOP-MURT1QD"
"10/5/2026 12:16:31 AM","4624","Microsoft-Windows-Security-Auditing","DESKTOP-MURT1QD"
"10/5/2026 12:11:28 AM","4624","Microsoft-Windows-Security-Auditing","DESKTOP-MURT1QD"
"10/5/2026 12:01:54 AM","4624","Microsoft-Windows-Security-Auditing","DESKTOP-MURT1QD"
"10/5/2026 12:00:18 AM","4624","Microsoft-Windows-Security-Auditing","DESKTOP-MURT1QD"
"10/5/2026 12:00:04 AM","4624","Microsoft-Windows-Security-Auditing","DESKTOP-MURT1QD"
"10/5/2026 12:00:01 AM","4624","Microsoft-Windows-Security-Auditing","DESKTOP-MURT1QD"
"10/4/2026 11:54:20 PM","4624","Microsoft-Windows-Security-Auditing","DESKTOP-MURT1QD"
"10/4/2026 11:46:54 PM","4624","Microsoft-Windows-Security-Auditing","DESKTOP-MURT1QD"
"10/4/2026 11:46:05 PM","4624","Microsoft-Windows-Security-Auditing","DESKTOP-MURT1QD"
"10/4/2026 11:46:05 PM","4624","Microsoft-Windows-Security-Auditing","DESKTOP-MURT1QD"
"10/4/2026 11:45:59 PM","4624","Microsoft-Windows-Security-Auditing","DESKTOP-MURT1QD"
"10/4/2026 11:41:41 PM","4624","Microsoft-Windows-Security-Auditing","DESKTOP-MURT1QD"
"10/4/2026 11:36:48 PM","4624","Microsoft-Windows-Security-Auditing","DESKTOP-MURT1QD"
"10/4/2026 11:36:41 PM","4624","Microsoft-Windows-Security-Auditing","DESKTOP-MURT1QD"
"10/4/2026 11:36:41 PM","4624","Microsoft-Windows-Security-Auditing","DESKTOP-MURT1QD"
"10/4/2026 11:36:41 PM","4624","Microsoft-Windows-Security-Auditing","DESKTOP-MURT1QD"
"10/4/2026 11:36:41 PM","4624","Microsoft-Windows-Security-Auditing","DESKTOP-MURT1QD"
"10/4/2026 11:31:54 PM","4624","Microsoft-Windows-Security-Auditing","DESKTOP-MURT1QD"
"10/4/2026 11:27:01 PM","4624","Microsoft-Windows-Security-Auditing","DESKTOP-MURT1QD"
"10/4/2026 11:26:44 PM","4624","Microsoft-Windows-Security-Auditing","DESKTOP-MURT1QD"
"10/4/2026 11:21:27 PM","4624","Microsoft-Windows-Security-Auditing","DESKTOP-MURT1QD"
"10/4/2026 11:21:26 PM","4624","Microsoft-Windows-Security-Auditing","DESKTOP-MURT1QD"
"10/4/2026 11:16:54 PM","4624","Microsoft-Windows-Security-Auditing","DESKTOP-MURT1QD"
"10/4/2026 11:07:11 PM","4624","Microsoft-Windows-Security-Auditing","DESKTOP-MURT1QD"
"10/4/2026 11:04:21 PM","4624","Microsoft-Windows-Security-Auditing","DESKTOP-MURT1QD"
"10/4/2026 11:02:42 PM","4624","Microsoft-Windows-Security-Auditing","DESKTOP-MURT1QD"
"10/4/2026 11:01:54 PM","4624","Microsoft-Windows-Security-Auditing","DESKTOP-MURT1QD"
"10/4/2026 10:55:36 PM","4624","Microsoft-Windows-Security-Auditing","DESKTOP-MURT1QD"
"10/4/2026 10:54:42 PM","4624","Microsoft-Windows-Security-Auditing","DESKTOP-MURT1QD"
"10/4/2026 10:54:31 PM","4624","Microsoft-Windows-Security-Auditing","DESKTOP-MURT1QD"
"10/4/2026 10:54:31 PM","4624","Microsoft-Windows-Security-Auditing","DESKTOP-MURT1QD"
"10/4/2026 10:54:29 PM","4624","Microsoft-Windows-Security-Auditing","DESKTOP-MURT1QD"
"10/4/2026 10:51:03 PM","4624","Microsoft-Windows-Security-Auditing","DESKTOP-MURT1QD"
"10/4/2026 10:47:46 PM","4624","Microsoft-Windows-Security-Auditing","DESKTOP-MURT1QD"
"10/4/2026 10:47:42 PM","4624","Microsoft-Windows-Security-Auditing","DESKTOP-MURT1QD"
"10/4/2026 10:46:54 PM","4624","Microsoft-Windows-Security-Auditing","DESKTOP-MURT1QD"
"10/4/2026 10:36:54 PM","4624","Microsoft-Windows-Security-Auditing","DESKTOP-MURT1QD"
"10/4/2026 10:31:51 PM","4624","Microsoft-Windows-Security-Auditing","DESKTOP-MURT1QD"
"10/4/2026 10:26:53 PM","4624","Microsoft-Windows-Security-Auditing","DESKTOP-MURT1QD"
"10/4/2026 10:25:22 PM","4624","Microsoft-Windows-Security-Auditing","DESKTOP-MURT1QD"
"10/4/2026 10:25:22 PM","4624","Microsoft-Windows-Security-Auditing","DESKTOP-MURT1QD"
"10/4/2026 10:22:08 PM","4624","Microsoft-Windows-Security-Auditing","DESKTOP-MURT1QD"
"10/4/2026 10:21:03 PM","4624","Microsoft-Windows-Security-Auditing","DESKTOP-MURT1QD"
"10/4/2026 10:16:52 PM","4624","Microsoft-Windows-Security-Auditing","DESKTOP-MURT1QD"
"10/4/2026 10:13:07 PM","4624","Microsoft-Windows-Security-Auditing","DESKTOP-MURT1QD"
"10/4/2026 10:11:52 PM","4624","Microsoft-Windows-Security-Auditing","DESKTOP-MURT1QD"
"10/4/2026 10:07:12 PM","4624","Microsoft-Windows-Security-Auditing","DESKTOP-MURT1QD"
"10/4/2026 10:07:08 PM","4624","Microsoft-Windows-Security-Auditing","DESKTOP-MURT1QD"
"10/4/2026 10:06:51 PM","4624","Microsoft-Windows-Security-Auditing","DESKTOP-MURT1QD"
"10/4/2026 10:06:23 PM","4624","Microsoft-Windows-Security-Auditing","DESKTOP-MURT1QD"
"10/4/2026 10:05:08 PM","4624","Microsoft-Windows-Security-Auditing","DESKTOP-MURT1QD"
"10/4/2026 10:00:41 PM","4624","Microsoft-Windows-Security-Auditing","DESKTOP-MURT1QD"
"10/4/2026 9:56:59 PM","4624","Microsoft-Windows-Security-Auditing","DESKTOP-MURT1QD"
"10/4/2026 9:56:55 PM","4624","Microsoft-Windows-Security-Auditing","DESKTOP-MURT1QD"
"10/4/2026 9:54:37 PM","4624","Microsoft-Windows-Security-Auditing","DESKTOP-MURT1QD"
"10/4/2026 9:54:37 PM","4624","Microsoft-Windows-Security-Auditing","DESKTOP-MURT1QD"
"10/4/2026 9:54:35 PM","4624","Microsoft-Windows-Security-Auditing","DESKTOP-MURT1QD"
"10/4/2026 9:51:41 PM","4624","Microsoft-Windows-Security-Auditing","DESKTOP-MURT1QD"
"10/4/2026 9:51:40 PM","4624","Microsoft-Windows-Security-Auditing","DESKTOP-MURT1QD"
"10/4/2026 9:49:02 PM","4624","Microsoft-Windows-Security-Auditing","DESKTOP-MURT1QD"
"10/4/2026 9:47:34 PM","4624","Microsoft-Windows-Security-Auditing","DESKTOP-MURT1QD"
"10/4/2026 9:46:53 PM","4624","Microsoft-Windows-Security-Auditing","DESKTOP-MURT1QD"
"10/4/2026 9:46:53 PM","4624","Microsoft-Windows-Security-Auditing","DESKTOP-MURT1QD"
"10/4/2026 9:46:53 PM","4624","Microsoft-Windows-Security-Auditing","DESKTOP-MURT1QD"
"10/4/2026 9:46:42 PM","4624","Microsoft-Windows-Security-Auditing","DESKTOP-MURT1QD"
"10/4/2026 9:44:20 PM","4624","Microsoft-Windows-Security-Auditing","DESKTOP-MURT1QD"
"10/4/2026 9:44:20 PM","4624","Microsoft-Windows-Security-Auditing","DESKTOP-MURT1QD"
"10/4/2026 9:43:54 PM","4624","Microsoft-Windows-Security-Auditing","DESKTOP-MURT1QD"
"10/4/2026 9:41:51 PM","4624","Microsoft-Windows-Security-Auditing","DESKTOP-MURT1QD"
"10/4/2026 9:39:55 PM","4624","Microsoft-Windows-Security-Auditing","DESKTOP-MURT1QD"
"10/4/2026 9:39:37 PM","4624","Microsoft-Windows-Security-Auditing","DESKTOP-MURT1QD"
"10/4/2026 9:39:31 PM","4624","Microsoft-Windows-Security-Auditing","DESKTOP-MURT1QD"
"10/4/2026 9:39:31 PM","4624","Microsoft-Windows-Security-Auditing","DESKTOP-MURT1QD"
"10/4/2026 9:39:31 PM","4624","Microsoft-Windows-Security-Auditing","DESKTOP-MURT1QD"
"10/4/2026 9:39:02 PM","4624","Microsoft-Windows-Security-Auditing","DESKTOP-MURT1QD"
"10/4/2026 9:39:02 PM","4624","Microsoft-Windows-Security-Auditing","DESKTOP-MURT1QD"
"10/4/2026 9:39:02 PM","4624","Microsoft-Windows-Security-Auditing","DESKTOP-MURT1QD"
"10/4/2026 9:39:02 PM","4624","Microsoft-Windows-Security-Auditing","DESKTOP-MURT1QD"
"10/4/2026 9:39:01 PM","4624","Microsoft-Windows-Security-Auditing","DESKTOP-MURT1QD"
"10/4/2026 9:39:01 PM","4624","Microsoft-Windows-Security-Auditing","DESKTOP-MURT1QD"
"10/4/2026 9:38:55 PM","4624","Microsoft-Windows-Security-Auditing","DESKTOP-MURT1QD"
"10/4/2026 9:38:55 PM","4624","Microsoft-Windows-Security-Auditing","DESKTOP-MURT1QD"
"10/4/2026 9:38:50 PM","4624","Microsoft-Windows-Security-Auditing","DESKTOP-MURT1QD"
"10/4/2026 9:38:46 PM","4624","Microsoft-Windows-Security-Auditing","DESKTOP-MURT1QD"
"10/4/2026 9:37:32 PM","4624","Microsoft-Windows-Security-Auditing","DESKTOP-MURT1QD"
"10/4/2026 9:37:18 PM","4624","Microsoft-Windows-Security-Auditing","DESKTOP-MURT1QD"
"10/4/2026 9:37:14 PM","4624","Microsoft-Windows-Security-Auditing","DESKTOP-MURT1QD"
"10/4/2026 9:37:06 PM","4624","Microsoft-Windows-Security-Auditing","DESKTOP-MURT1QD"
"10/4/2026 9:37:06 PM","4624","Microsoft-Windows-Security-Auditing","DESKTOP-MURT1QD"
"10/4/2026 9:37:01 PM","4624","Microsoft-Windows-Security-Auditing","DESKTOP-MURT1QD"
"10/4/2026 9:36:55 PM","4624","Microsoft-Windows-Security-Auditing","DESKTOP-MURT1QD"
"10/4/2026 9:36:52 PM","4624","Microsoft-Windows-Security-Auditing","DESKTOP-MURT1QD"
"10/4/2026 9:36:52 PM","4624","Microsoft-Windows-Security-Auditing","DESKTOP-MURT1QD"
"10/4/2026 9:36:52 PM","4624","Microsoft-Windows-Security-Auditing","DESKTOP-MURT1QD"
"10/4/2026 9:36:52 PM","4624","Microsoft-Windows-Security-Auditing","DESKTOP-MURT1QD"
"10/4/2026 9:36:52 PM","4624","Microsoft-Windows-Security-Auditing","DESKTOP-MURT1QD"
"10/4/2026 9:36:52 PM","4624","Microsoft-Windows-Security-Auditing","DESKTOP-MURT1QD"
"10/4/2026 9:36:52 PM","4624","Microsoft-Windows-Security-Auditing","DESKTOP-MURT1QD"
"10/4/2026 9:36:52 PM","4624","Microsoft-Windows-Security-Auditing","DESKTOP-MURT1QD"
"10/4/2026 9:36:51 PM","4624","Microsoft-Windows-Security-Auditing","DESKTOP-MURT1QD"
"10/4/2026 9:36:51 PM","4624","Microsoft-Windows-Security-Auditing","DESKTOP-MURT1QD"
"10/4/2026 9:36:51 PM","4624","Microsoft-Windows-Security-Auditing","DESKTOP-MURT1QD"
"10/4/2026 9:36:50 PM","4624","Microsoft-Windows-Security-Auditing","DESKTOP-MURT1QD"
"10/4/2026 9:36:50 PM","4624","Microsoft-Windows-Security-Auditing","DESKTOP-MURT1QD"
"10/4/2026 9:36:49 PM","4624","Microsoft-Windows-Security-Auditing","DESKTOP-MURT1QD"
"10/4/2026 9:36:43 PM","4624","Microsoft-Windows-Security-Auditing","DESKTOP-MURT1QD"
"10/4/2026 9:36:43 PM","4624","Microsoft-Windows-Security-Auditing","DESKTOP-MURT1QD"
"10/4/2026 9:36:42 PM","4624","Microsoft-Windows-Security-Auditing","DESKTOP-MURT1QD"
"10/4/2026 9:36:41 PM","4624","Microsoft-Windows-Security-Auditing","DESKTOP-MURT1QD"
"10/4/2026 9:36:41 PM","4624","Microsoft-Windows-Security-Auditing","DESKTOP-MURT1QD"
"10/4/2026 9:36:41 PM","4624","Microsoft-Windows-Security-Auditing","DESKTOP-MURT1QD"
"10/4/2026 9:36:40 PM","4624","Microsoft-Windows-Security-Auditing","DESKTOP-MURT1QD"
"10/4/2026 9:36:40 PM","4624","Microsoft-Windows-Security-Auditing","DESKTOP-MURT1QD"
"10/4/2026 9:36:40 PM","4624","Microsoft-Windows-Security-Auditing","DESKTOP-MURT1QD"
"10/4/2026 9:36:40 PM","4624","Microsoft-Windows-Security-Auditing","DESKTOP-MURT1QD"
"10/4/2026 9:36:39 PM","4624","Microsoft-Windows-Security-Auditing","DESKTOP-MURT1QD"
"10/4/2026 9:36:38 PM","4624","Microsoft-Windows-Security-Auditing","DESKTOP-MURT1QD"
"10/4/2026 9:36:38 PM","4624","Microsoft-Windows-Security-Auditing","DESKTOP-MURT1QD"
"10/4/2026 9:36:38 PM","4624","Microsoft-Windows-Security-Auditing","DESKTOP-MURT1QD"
"10/4/2026 9:36:38 PM","4624","Microsoft-Windows-Security-Auditing","DESKTOP-MURT1QD"
"10/4/2026 9:36:38 PM","4624","Microsoft-Windows-Security-Auditing","DESKTOP-MURT1QD"
"10/4/2026 9:36:38 PM","4624","Microsoft-Windows-Security-Auditing","DESKTOP-MURT1QD"
"10/4/2026 9:36:38 PM","4624","Microsoft-Windows-Security-Auditing","DESKTOP-MURT1QD"
"10/4/2026 9:36:38 PM","4624","Microsoft-Windows-Security-Auditing","DESKTOP-MURT1QD"
"10/4/2026 9:36:38 PM","4624","Microsoft-Windows-Security-Auditing","DESKTOP-MURT1QD"
"10/4/2026 9:36:38 PM","4624","Microsoft-Windows-Security-Auditing","DESKTOP-MURT1QD"
"10/4/2026 9:36:38 PM","4624","Microsoft-Windows-Security-Auditing","DESKTOP-MURT1QD"
"10/4/2026 9:36:38 PM","4624","Microsoft-Windows-Security-Auditing","DESKTOP-MURT1QD"
"10/4/2026 9:36:38 PM","4624","Microsoft-Windows-Security-Auditing","DESKTOP-MURT1QD"
"10/4/2026 9:36:38 PM","4624","Microsoft-Windows-Security-Auditing","DESKTOP-MURT1QD"
"10/4/2026 9:36:38 PM","4624","Microsoft-Windows-Security-Auditing","DESKTOP-MURT1QD"
"10/4/2026 9:36:38 PM","4624","Microsoft-Windows-Security-Auditing","DESKTOP-MURT1QD"
"10/4/2026 9:36:38 PM","4624","Microsoft-Windows-Security-Auditing","DESKTOP-MURT1QD"
"10/4/2026 9:36:38 PM","4624","Microsoft-Windows-Security-Auditing","DESKTOP-MURT1QD"
"10/4/2026 9:36:38 PM","4624","Microsoft-Windows-Security-Auditing","DESKTOP-MURT1QD"
"10/4/2026 9:36:38 PM","4624","Microsoft-Windows-Security-Auditing","DESKTOP-MURT1QD"
"10/4/2026 9:36:38 PM","4624","Microsoft-Windows-Security-Auditing","DESKTOP-MURT1QD"
"10/4/2026 9:36:38 PM","4624","Microsoft-Windows-Security-Auditing","DESKTOP-MURT1QD"
"10/4/2026 9:36:38 PM","4624","Microsoft-Windows-Security-Auditing","DESKTOP-MURT1QD"
"10/4/2026 9:36:38 PM","4624","Microsoft-Windows-Security-Auditing","DESKTOP-MURT1QD"
"10/4/2026 9:36:38 PM","4624","Microsoft-Windows-Security-Auditing","DESKTOP-MURT1QD"
"10/4/2026 9:36:38 PM","4624","Microsoft-Windows-Security-Auditing","DESKTOP-MURT1QD"
"10/4/2026 9:36:37 PM","4624","Microsoft-Windows-Security-Auditing","DESKTOP-MURT1QD"
"10/4/2026 9:36:37 PM","4624","Microsoft-Windows-Security-Auditing","DESKTOP-MURT1QD"
"10/4/2026 9:36:37 PM","4624","Microsoft-Windows-Security-Auditing","DESKTOP-MURT1QD"
"10/4/2026 9:36:37 PM","4624","Microsoft-Windows-Security-Auditing","DESKTOP-MURT1QD"
"10/4/2026 9:36:37 PM","4624","Microsoft-Windows-Security-Auditing","DESKTOP-MURT1QD"
"10/4/2026 9:36:37 PM","4624","Microsoft-Windows-Security-Auditing","DESKTOP-MURT1QD"
"10/4/2026 9:36:37 PM","4624","Microsoft-Windows-Security-Auditing","DESKTOP-MURT1QD"
"10/4/2026 9:04:25 PM","4624","Microsoft-Windows-Security-Auditing","DESKTOP-MURT1QD"
"10/4/2026 9:04:25 PM","4624","Microsoft-Windows-Security-Auditing","DESKTOP-MURT1QD"
"10/4/2026 9:04:25 PM","4624","Microsoft-Windows-Security-Auditing","DESKTOP-MURT1QD"
"10/4/2026 9:04:22 PM","4624","Microsoft-Windows-Security-Auditing","DESKTOP-MURT1QD"
"10/4/2026 9:04:20 PM","4624","Microsoft-Windows-Security-Auditing","DESKTOP-MURT1QD"
"10/4/2026 9:00:47 PM","4624","Microsoft-Windows-Security-Auditing","DESKTOP-MURT1QD"
"10/4/2026 8:54:20 PM","4624","Microsoft-Windows-Security-Auditing","DESKTOP-MURT1QD"
"10/4/2026 8:53:13 PM","4624","Microsoft-Windows-Security-Auditing","DESKTOP-MURT1QD"
"10/4/2026 8:39:20 PM","4624","Microsoft-Windows-Security-Auditing","DESKTOP-MURT1QD"
"10/4/2026 8:36:59 PM","4624","Microsoft-Windows-Security-Auditing","DESKTOP-MURT1QD"
"10/4/2026 8:31:19 PM","4624","Microsoft-Windows-Security-Auditing","DESKTOP-MURT1QD"
"10/4/2026 8:30:21 PM","4624","Microsoft-Windows-Security-Auditing","DESKTOP-MURT1QD"
"10/4/2026 8:24:20 PM","4624","Microsoft-Windows-Security-Auditing","DESKTOP-MURT1QD"
"10/4/2026 8:15:19 PM","4624","Microsoft-Windows-Security-Auditing","DESKTOP-MURT1QD"
"10/4/2026 8:12:54 PM","4624","Microsoft-Windows-Security-Auditing","DESKTOP-MURT1QD"
"10/4/2026 8:09:20 PM","4624","Microsoft-Windows-Security-Auditing","DESKTOP-MURT1QD"
"10/4/2026 8:04:22 PM","4624","Microsoft-Windows-Security-Auditing","DESKTOP-MURT1QD"
"10/4/2026 8:01:19 PM","4624","Microsoft-Windows-Security-Auditing","DESKTOP-MURT1QD"
"10/4/2026 8:00:46 PM","4624","Microsoft-Windows-Security-Auditing","DESKTOP-MURT1QD"
"10/4/2026 7:55:39 PM","4624","Microsoft-Windows-Security-Auditing","DESKTOP-MURT1QD"
"10/4/2026 7:54:20 PM","4624","Microsoft-Windows-Security-Auditing","DESKTOP-MURT1QD"
"10/4/2026 7:50:18 PM","4624","Microsoft-Windows-Security-Auditing","DESKTOP-MURT1QD"
"10/4/2026 7:50:17 PM","4624","Microsoft-Windows-Security-Auditing","DESKTOP-MURT1QD"
"10/4/2026 7:50:17 PM","4624","Microsoft-Windows-Security-Auditing","DESKTOP-MURT1QD"
"10/4/2026 7:50:16 PM","4624","Microsoft-Windows-Security-Auditing","DESKTOP-MURT1QD"
"10/4/2026 7:50:16 PM","4624","Microsoft-Windows-Security-Auditing","DESKTOP-MURT1QD"
"10/4/2026 7:45:22 PM","4624","Microsoft-Windows-Security-Auditing","DESKTOP-MURT1QD"
"10/4/2026 7:45:22 PM","4624","Microsoft-Windows-Security-Auditing","DESKTOP-MURT1QD"
"10/4/2026 7:45:22 PM","4624","Microsoft-Windows-Security-Auditing","DESKTOP-MURT1QD"
"10/4/2026 7:39:20 PM","4624","Microsoft-Windows-Security-Auditing","DESKTOP-MURT1QD"
"10/4/2026 7:35:06 PM","4624","Microsoft-Windows-Security-Auditing","DESKTOP-MURT1QD"
"10/4/2026 7:29:33 PM","4624","Microsoft-Windows-Security-Auditing","DESKTOP-MURT1QD"
"10/4/2026 7:29:32 PM","4624","Microsoft-Windows-Security-Auditing","DESKTOP-MURT1QD"
"10/4/2026 7:25:29 PM","4624","Microsoft-Windows-Security-Auditing","DESKTOP-MURT1QD"
"10/4/2026 7:24:20 PM","4624","Microsoft-Windows-Security-Auditing","DESKTOP-MURT1QD"
"10/4/2026 7:09:20 PM","4624","Microsoft-Windows-Security-Auditing","DESKTOP-MURT1QD"
"10/4/2026 7:00:46 PM","4624","Microsoft-Windows-Security-Auditing","DESKTOP-MURT1QD"
"10/4/2026 7:00:25 PM","4624","Microsoft-Windows-Security-Auditing","DESKTOP-MURT1QD"
"10/4/2026 7:00:23 PM","4624","Microsoft-Windows-Security-Auditing","DESKTOP-MURT1QD"
"10/4/2026 6:54:20 PM","4624","Microsoft-Windows-Security-Auditing","DESKTOP-MURT1QD"
"10/4/2026 6:45:23 PM","4624","Microsoft-Windows-Security-Auditing","DESKTOP-MURT1QD"
"10/4/2026 6:45:22 PM","4624","Microsoft-Windows-Security-Auditing","DESKTOP-MURT1QD"
"10/4/2026 6:39:20 PM","4624","Microsoft-Windows-Security-Auditing","DESKTOP-MURT1QD"
"10/4/2026 6:33:48 PM","4624","Microsoft-Windows-Security-Auditing","DESKTOP-MURT1QD"
"10/4/2026 6:31:19 PM","4624","Microsoft-Windows-Security-Auditing","DESKTOP-MURT1QD"
"10/4/2026 6:31:17 PM","4624","Microsoft-Windows-Security-Auditing","DESKTOP-MURT1QD"
"10/4/2026 6:24:20 PM","4624","Microsoft-Windows-Security-Auditing","DESKTOP-MURT1QD"
"10/4/2026 6:21:12 PM","4624","Microsoft-Windows-Security-Auditing","DESKTOP-MURT1QD"
"10/4/2026 6:21:12 PM","4624","Microsoft-Windows-Security-Auditing","DESKTOP-MURT1QD"
"10/4/2026 6:20:10 PM","4624","Microsoft-Windows-Security-Auditing","DESKTOP-MURT1QD"
"10/4/2026 6:15:21 PM","4624","Microsoft-Windows-Security-Auditing","DESKTOP-MURT1QD"
"10/4/2026 6:13:43 PM","4624","Microsoft-Windows-Security-Auditing","DESKTOP-MURT1QD"
"10/4/2026 6:13:41 PM","4624","Microsoft-Windows-Security-Auditing","DESKTOP-MURT1QD"
"10/4/2026 6:09:13 PM","4624","Microsoft-Windows-Security-Auditing","DESKTOP-MURT1QD"
"10/4/2026 6:04:23 PM","4624","Microsoft-Windows-Security-Auditing","DESKTOP-MURT1QD"
"10/4/2026 6:00:46 PM","4624","Microsoft-Windows-Security-Auditing","DESKTOP-MURT1QD"
"10/4/2026 5:54:20 PM","4624","Microsoft-Windows-Security-Auditing","DESKTOP-MURT1QD"
"10/4/2026 5:36:08 PM","4624","Microsoft-Windows-Security-Auditing","DESKTOP-MURT1QD"
"10/4/2026 5:24:20 PM","4624","Microsoft-Windows-Security-Auditing","DESKTOP-MURT1QD"
"10/4/2026 5:17:20 PM","4624","Microsoft-Windows-Security-Auditing","DESKTOP-MURT1QD"
"10/4/2026 5:17:13 PM","4624","Microsoft-Windows-Security-Auditing","DESKTOP-MURT1QD"
"10/4/2026 5:09:19 PM","4624","Microsoft-Windows-Security-Auditing","DESKTOP-MURT1QD"
"10/4/2026 5:08:21 PM","4624","Microsoft-Windows-Security-Auditing","DESKTOP-MURT1QD"
"10/4/2026 5:08:19 PM","4624","Microsoft-Windows-Security-Auditing","DESKTOP-MURT1QD"
"10/4/2026 5:00:21 PM","4624","Microsoft-Windows-Security-Auditing","DESKTOP-MURT1QD"
"10/4/2026 4:54:33 PM","4624","Microsoft-Windows-Security-Auditing","DESKTOP-MURT1QD"
"10/4/2026 4:54:29 PM","4624","Microsoft-Windows-Security-Auditing","DESKTOP-MURT1QD"
"10/4/2026 4:54:29 PM","4624","Microsoft-Windows-Security-Auditing","DESKTOP-MURT1QD"
"10/4/2026 4:54:23 PM","4624","Microsoft-Windows-Security-Auditing","DESKTOP-MURT1QD"
"10/4/2026 4:54:19 PM","4624","Microsoft-Windows-Security-Auditing","DESKTOP-MURT1QD"
"10/4/2026 4:54:18 PM","4624","Microsoft-Windows-Security-Auditing","DESKTOP-MURT1QD"
"10/4/2026 3:00:38 PM","4624","Microsoft-Windows-Security-Auditing","DESKTOP-MURT1QD"
"10/4/2026 3:00:35 PM","4624","Microsoft-Windows-Security-Auditing","DESKTOP-MURT1QD"
"10/4/2026 3:00:34 PM","4624","Microsoft-Windows-Security-Auditing","DESKTOP-MURT1QD"
"10/4/2026 3:00:34 PM","4624","Microsoft-Windows-Security-Auditing","DESKTOP-MURT1QD"
"10/4/2026 3:00:34 PM","4624","Microsoft-Windows-Security-Auditing","DESKTOP-MURT1QD"
"10/4/2026 3:00:34 PM","4624","Microsoft-Windows-Security-Auditing","DESKTOP-MURT1QD"
"10/4/2026 2:46:26 PM","4624","Microsoft-Windows-Security-Auditing","DESKTOP-MURT1QD"
"10/4/2026 2:36:55 PM","4624","Microsoft-Windows-Security-Auditing","DESKTOP-MURT1QD"
"10/4/2026 2:36:40 PM","4624","Microsoft-Windows-Security-Auditing","DESKTOP-MURT1QD"
"10/4/2026 2:36:38 PM","4624","Microsoft-Windows-Security-Auditing","DESKTOP-MURT1QD"
"10/4/2026 2:31:26 PM","4624","Microsoft-Windows-Security-Auditing","DESKTOP-MURT1QD"
"10/4/2026 2:31:16 PM","4624","Microsoft-Windows-Security-Auditing","DESKTOP-MURT1QD"
"10/4/2026 2:24:42 PM","4624","Microsoft-Windows-Security-Auditing","DESKTOP-MURT1QD"
"10/4/2026 2:24:41 PM","4624","Microsoft-Windows-Security-Auditing","DESKTOP-MURT1QD"
"10/4/2026 2:24:41 PM","4624","Microsoft-Windows-Security-Auditing","DESKTOP-MURT1QD"
"10/4/2026 2:22:32 PM","4624","Microsoft-Windows-Security-Auditing","DESKTOP-MURT1QD"
"10/4/2026 2:22:31 PM","4624","Microsoft-Windows-Security-Auditing","DESKTOP-MURT1QD"
"10/4/2026 2:22:24 PM","4624","Microsoft-Windows-Security-Auditing","DESKTOP-MURT1QD"
"10/4/2026 2:20:26 PM","4624","Microsoft-Windows-Security-Auditing","DESKTOP-MURT1QD"
"10/4/2026 2:16:31 PM","4624","Microsoft-Windows-Security-Auditing","DESKTOP-MURT1QD"
"10/4/2026 2:16:27 PM","4624","Microsoft-Windows-Security-Auditing","DESKTOP-MURT1QD"
"10/4/2026 2:16:25 PM","4624","Microsoft-Windows-Security-Auditing","DESKTOP-MURT1QD"
"10/4/2026 1:17:30 PM","4624","Microsoft-Windows-Security-Auditing","DESKTOP-MURT1QD"
"10/4/2026 1:17:29 PM","4624","Microsoft-Windows-Security-Auditing","DESKTOP-MURT1QD"
"10/4/2026 1:17:27 PM","4624","Microsoft-Windows-Security-Auditing","DESKTOP-MURT1QD"
"10/4/2026 1:17:26 PM","4624","Microsoft-Windows-Security-Auditing","DESKTOP-MURT1QD"
"10/4/2026 1:17:26 PM","4624","Microsoft-Windows-Security-Auditing","DESKTOP-MURT1QD"
"10/4/2026 1:17:26 PM","4624","Microsoft-Windows-Security-Auditing","DESKTOP-MURT1QD"
"10/4/2026 1:04:22 PM","4624","Microsoft-Windows-Security-Auditing","DESKTOP-MURT1QD"
"10/4/2026 1:04:22 PM","4624","Microsoft-Windows-Security-Auditing","DESKTOP-MURT1QD"
"10/4/2026 1:04:20 PM","4624","Microsoft-Windows-Security-Auditing","DESKTOP-MURT1QD"
"10/4/2026 1:02:24 PM","4624","Microsoft-Windows-Security-Auditing","DESKTOP-MURT1QD"
"10/4/2026 1:01:53 PM","4624","Microsoft-Windows-Security-Auditing","DESKTOP-MURT1QD"
"10/4/2026 12:59:21 PM","4624","Microsoft-Windows-Security-Auditing","DESKTOP-MURT1QD"
"10/4/2026 12:59:20 PM","4624","Microsoft-Windows-Security-Auditing","DESKTOP-MURT1QD"
"10/4/2026 12:56:44 PM","4624","Microsoft-Windows-Security-Auditing","DESKTOP-MURT1QD"
"10/4/2026 12:49:20 PM","4624","Microsoft-Windows-Security-Auditing","DESKTOP-MURT1QD"
"10/4/2026 12:47:40 PM","4624","Microsoft-Windows-Security-Auditing","DESKTOP-MURT1QD"
"10/4/2026 12:42:39 PM","4624","Microsoft-Windows-Security-Auditing","DESKTOP-MURT1QD"
"10/4/2026 12:41:18 PM","4624","Microsoft-Windows-Security-Auditing","DESKTOP-MURT1QD"
"10/4/2026 12:41:17 PM","4624","Microsoft-Windows-Security-Auditing","DESKTOP-MURT1QD"
"10/4/2026 12:34:20 PM","4624","Microsoft-Windows-Security-Auditing","DESKTOP-MURT1QD"
"10/4/2026 12:32:42 PM","4624","Microsoft-Windows-Security-Auditing","DESKTOP-MURT1QD"
"10/4/2026 12:26:44 PM","4624","Microsoft-Windows-Security-Auditing","DESKTOP-MURT1QD"
"10/4/2026 12:21:38 PM","4624","Microsoft-Windows-Security-Auditing","DESKTOP-MURT1QD"
"10/4/2026 12:21:11 PM","4624","Microsoft-Windows-Security-Auditing","DESKTOP-MURT1QD"
"10/4/2026 12:19:20 PM","4624","Microsoft-Windows-Security-Auditing","DESKTOP-MURT1QD"
"10/4/2026 12:17:04 PM","4624","Microsoft-Windows-Security-Auditing","DESKTOP-MURT1QD"
"10/4/2026 12:16:59 PM","4624","Microsoft-Windows-Security-Auditing","DESKTOP-MURT1QD"
"10/4/2026 12:16:58 PM","4624","Microsoft-Windows-Security-Auditing","DESKTOP-MURT1QD"
"10/4/2026 12:16:58 PM","4624","Microsoft-Windows-Security-Auditing","DESKTOP-MURT1QD"
"10/4/2026 12:08:14 PM","4624","Microsoft-Windows-Security-Auditing","DESKTOP-MURT1QD"
"10/4/2026 12:07:48 PM","4624","Microsoft-Windows-Security-Auditing","DESKTOP-MURT1QD"
"10/4/2026 12:05:35 PM","4624","Microsoft-Windows-Security-Auditing","DESKTOP-MURT1QD"
"10/4/2026 12:04:20 PM","4624","Microsoft-Windows-Security-Auditing","DESKTOP-MURT1QD"
"10/4/2026 11:51:38 AM","4624","Microsoft-Windows-Security-Auditing","DESKTOP-MURT1QD"
"10/4/2026 11:49:20 AM","4624","Microsoft-Windows-Security-Auditing","DESKTOP-MURT1QD"
"10/4/2026 11:43:40 AM","4624","Microsoft-Windows-Security-Auditing","DESKTOP-MURT1QD"
"10/4/2026 11:39:54 AM","4624","Microsoft-Windows-Security-Auditing","DESKTOP-MURT1QD"
"10/4/2026 11:39:53 AM","4624","Microsoft-Windows-Security-Auditing","DESKTOP-MURT1QD"
"10/4/2026 11:34:22 AM","4624","Microsoft-Windows-Security-Auditing","DESKTOP-MURT1QD"
"10/4/2026 11:33:19 AM","4624","Microsoft-Windows-Security-Auditing","DESKTOP-MURT1QD"
"10/4/2026 11:33:10 AM","4624","Microsoft-Windows-Security-Auditing","DESKTOP-MURT1QD"
"10/4/2026 11:33:09 AM","4624","Microsoft-Windows-Security-Auditing","DESKTOP-MURT1QD"
"10/4/2026 11:33:08 AM","4624","Microsoft-Windows-Security-Auditing","DESKTOP-MURT1QD"
"10/4/2026 11:33:08 AM","4624","Microsoft-Windows-Security-Auditing","DESKTOP-MURT1QD"
"10/4/2026 11:33:08 AM","4624","Microsoft-Windows-Security-Auditing","DESKTOP-MURT1QD"
"10/4/2026 11:33:06 AM","4624","Microsoft-Windows-Security-Auditing","DESKTOP-MURT1QD"
"10/4/2026 11:33:06 AM","4624","Microsoft-Windows-Security-Auditing","DESKTOP-MURT1QD"
"10/4/2026 11:32:07 AM","4624","Microsoft-Windows-Security-Auditing","DESKTOP-MURT1QD"
"10/4/2026 11:32:06 AM","4624","Microsoft-Windows-Security-Auditing","DESKTOP-MURT1QD"
"10/4/2026 11:20:58 AM","4624","Microsoft-Windows-Security-Auditing","DESKTOP-MURT1QD"
"10/4/2026 11:19:18 AM","4624","Microsoft-Windows-Security-Auditing","DESKTOP-MURT1QD"
"10/4/2026 11:08:14 AM","4624","Microsoft-Windows-Security-Auditing","DESKTOP-MURT1QD"
"10/4/2026 11:04:21 AM","4624","Microsoft-Windows-Security-Auditing","DESKTOP-MURT1QD"
"10/4/2026 11:04:18 AM","4624","Microsoft-Windows-Security-Auditing","DESKTOP-MURT1QD"
"10/4/2026 10:52:56 AM","4624","Microsoft-Windows-Security-Auditing","DESKTOP-MURT1QD"
"10/4/2026 10:50:58 AM","4624","Microsoft-Windows-Security-Auditing","DESKTOP-MURT1QD"
"10/4/2026 10:49:18 AM","4624","Microsoft-Windows-Security-Auditing","DESKTOP-MURT1QD"
"10/4/2026 10:43:17 AM","4624","Microsoft-Windows-Security-Auditing","DESKTOP-MURT1QD"
"10/4/2026 10:43:16 AM","4624","Microsoft-Windows-Security-Auditing","DESKTOP-MURT1QD"
"10/4/2026 10:40:43 AM","4624","Microsoft-Windows-Security-Auditing","DESKTOP-MURT1QD"
"10/4/2026 10:37:51 AM","4624","Microsoft-Windows-Security-Auditing","DESKTOP-MURT1QD"
"10/4/2026 10:37:50 AM","4624","Microsoft-Windows-Security-Auditing","DESKTOP-MURT1QD"
"10/4/2026 10:34:18 AM","4624","Microsoft-Windows-Security-Auditing","DESKTOP-MURT1QD"
"10/4/2026 10:32:10 AM","4624","Microsoft-Windows-Security-Auditing","DESKTOP-MURT1QD"
"10/4/2026 10:32:09 AM","4624","Microsoft-Windows-Security-Auditing","DESKTOP-MURT1QD"
"10/4/2026 10:19:18 AM","4624","Microsoft-Windows-Security-Auditing","DESKTOP-MURT1QD"
"10/4/2026 10:12:55 AM","4624","Microsoft-Windows-Security-Auditing","DESKTOP-MURT1QD"
"10/4/2026 10:10:58 AM","4624","Microsoft-Windows-Security-Auditing","DESKTOP-MURT1QD"
"10/4/2026 10:10:02 AM","4624","Microsoft-Windows-Security-Auditing","DESKTOP-MURT1QD"
"10/4/2026 10:07:58 AM","4624","Microsoft-Windows-Security-Auditing","DESKTOP-MURT1QD"
"10/4/2026 10:04:21 AM","4624","Microsoft-Windows-Security-Auditing","DESKTOP-MURT1QD"
"10/4/2026 10:04:21 AM","4624","Microsoft-Windows-Security-Auditing","DESKTOP-MURT1QD"
"10/4/2026 10:04:18 AM","4624","Microsoft-Windows-Security-Auditing","DESKTOP-MURT1QD"
"10/4/2026 10:01:10 AM","4624","Microsoft-Windows-Security-Auditing","DESKTOP-MURT1QD"
"10/4/2026 10:01:09 AM","4624","Microsoft-Windows-Security-Auditing","DESKTOP-MURT1QD"
"10/4/2026 9:49:18 AM","4624","Microsoft-Windows-Security-Auditing","DESKTOP-MURT1QD"
"10/4/2026 9:49:07 AM","4624","Microsoft-Windows-Security-Auditing","DESKTOP-MURT1QD"
"10/4/2026 9:49:07 AM","4624","Microsoft-Windows-Security-Auditing","DESKTOP-MURT1QD"
"10/4/2026 9:44:56 AM","4624","Microsoft-Windows-Security-Auditing","DESKTOP-MURT1QD"
"10/4/2026 9:44:56 AM","4624","Microsoft-Windows-Security-Auditing","DESKTOP-MURT1QD"
"10/4/2026 9:44:54 AM","4624","Microsoft-Windows-Security-Auditing","DESKTOP-MURT1QD"
"10/4/2026 9:39:56 AM","4624","Microsoft-Windows-Security-Auditing","DESKTOP-MURT1QD"
"10/4/2026 9:39:54 AM","4624","Microsoft-Windows-Security-Auditing","DESKTOP-MURT1QD"
"10/4/2026 9:39:54 AM","4624","Microsoft-Windows-Security-Auditing","DESKTOP-MURT1QD"
"10/4/2026 9:39:53 AM","4624","Microsoft-Windows-Security-Auditing","DESKTOP-MURT1QD"
"10/4/2026 9:34:18 AM","4624","Microsoft-Windows-Security-Auditing","DESKTOP-MURT1QD"
"10/4/2026 9:26:45 AM","4624","Microsoft-Windows-Security-Auditing","DESKTOP-MURT1QD"
"10/4/2026 9:26:43 AM","4624","Microsoft-Windows-Security-Auditing","DESKTOP-MURT1QD"
"10/4/2026 9:21:15 AM","4624","Microsoft-Windows-Security-Auditing","DESKTOP-MURT1QD"
"10/4/2026 9:21:10 AM","4624","Microsoft-Windows-Security-Auditing","DESKTOP-MURT1QD"
"10/4/2026 9:19:18 AM","4624","Microsoft-Windows-Security-Auditing","DESKTOP-MURT1QD"
"10/4/2026 9:19:13 AM","4624","Microsoft-Windows-Security-Auditing","DESKTOP-MURT1QD"
"10/4/2026 9:09:12 AM","4624","Microsoft-Windows-Security-Auditing","DESKTOP-MURT1QD"
"10/4/2026 9:08:15 AM","4624","Microsoft-Windows-Security-Auditing","DESKTOP-MURT1QD"
"10/4/2026 9:08:11 AM","4624","Microsoft-Windows-Security-Auditing","DESKTOP-MURT1QD"
"10/4/2026 9:08:10 AM","4624","Microsoft-Windows-Security-Auditing","DESKTOP-MURT1QD"
"10/4/2026 9:03:02 AM","4624","Microsoft-Windows-Security-Auditing","DESKTOP-MURT1QD"
"10/4/2026 8:58:09 AM","4624","Microsoft-Windows-Security-Auditing","DESKTOP-MURT1QD"
"10/4/2026 8:55:16 AM","4624","Microsoft-Windows-Security-Auditing","DESKTOP-MURT1QD"
"10/4/2026 8:53:43 AM","4624","Microsoft-Windows-Security-Auditing","DESKTOP-MURT1QD"
"10/4/2026 8:53:02 AM","4624","Microsoft-Windows-Security-Auditing","DESKTOP-MURT1QD"
"10/4/2026 8:49:22 AM","4624","Microsoft-Windows-Security-Auditing","DESKTOP-MURT1QD"
"10/4/2026 8:49:20 AM","4624","Microsoft-Windows-Security-Auditing","DESKTOP-MURT1QD"
"10/4/2026 8:47:01 AM","4624","Microsoft-Windows-Security-Auditing","DESKTOP-MURT1QD"
"10/4/2026 8:43:01 AM","4624","Microsoft-Windows-Security-Auditing","DESKTOP-MURT1QD"
"10/4/2026 8:38:43 AM","4624","Microsoft-Windows-Security-Auditing","DESKTOP-MURT1QD"
"10/4/2026 8:38:06 AM","4624","Microsoft-Windows-Security-Auditing","DESKTOP-MURT1QD"
"10/4/2026 8:37:01 AM","4624","Microsoft-Windows-Security-Auditing","DESKTOP-MURT1QD"
"10/4/2026 8:29:06 AM","4624","Microsoft-Windows-Security-Auditing","DESKTOP-MURT1QD"
"10/4/2026 8:28:42 AM","4624","Microsoft-Windows-Security-Auditing","DESKTOP-MURT1QD"
"10/4/2026 8:28:39 AM","4624","Microsoft-Windows-Security-Auditing","DESKTOP-MURT1QD"
"10/4/2026 8:28:05 AM","4624","Microsoft-Windows-Security-Auditing","DESKTOP-MURT1QD"
"10/4/2026 8:22:56 AM","4624","Microsoft-Windows-Security-Auditing","DESKTOP-MURT1QD"
"10/4/2026 8:19:27 AM","4624","Microsoft-Windows-Security-Auditing","DESKTOP-MURT1QD"
"10/4/2026 8:19:24 AM","4624","Microsoft-Windows-Security-Auditing","DESKTOP-MURT1QD"
"10/4/2026 8:18:17 AM","4624","Microsoft-Windows-Security-Auditing","DESKTOP-MURT1QD"
"10/4/2026 8:18:12 AM","4624","Microsoft-Windows-Security-Auditing","DESKTOP-MURT1QD"
"10/4/2026 8:18:11 AM","4624","Microsoft-Windows-Security-Auditing","DESKTOP-MURT1QD"
"10/4/2026 8:16:44 AM","4624","Microsoft-Windows-Security-Auditing","DESKTOP-MURT1QD"
"10/4/2026 8:12:00 AM","4624","Microsoft-Windows-Security-Auditing","DESKTOP-MURT1QD"
"10/4/2026 8:11:50 AM","4624","Microsoft-Windows-Security-Auditing","DESKTOP-MURT1QD"
"10/4/2026 8:11:50 AM","4624","Microsoft-Windows-Security-Auditing","DESKTOP-MURT1QD"
"10/4/2026 8:11:50 AM","4624","Microsoft-Windows-Security-Auditing","DESKTOP-MURT1QD"
"10/4/2026 8:11:40 AM","4624","Microsoft-Windows-Security-Auditing","DESKTOP-MURT1QD"
"10/4/2026 8:11:38 AM","4624","Microsoft-Windows-Security-Auditing","DESKTOP-MURT1QD"
"10/4/2026 8:11:34 AM","4624","Microsoft-Windows-Security-Auditing","DESKTOP-MURT1QD"
"10/4/2026 8:11:34 AM","4624","Microsoft-Windows-Security-Auditing","DESKTOP-MURT1QD"
"10/4/2026 8:10:11 AM","4624","Microsoft-Windows-Security-Auditing","DESKTOP-MURT1QD"
"10/4/2026 8:10:11 AM","4624","Microsoft-Windows-Security-Auditing","DESKTOP-MURT1QD"
"10/4/2026 8:10:11 AM","4624","Microsoft-Windows-Security-Auditing","DESKTOP-MURT1QD"
"10/4/2026 8:10:10 AM","4624","Microsoft-Windows-Security-Auditing","DESKTOP-MURT1QD"
"10/4/2026 8:09:58 AM","4624","Microsoft-Windows-Security-Auditing","DESKTOP-MURT1QD"
"10/4/2026 8:09:14 AM","4624","Microsoft-Windows-Security-Auditing","DESKTOP-MURT1QD"
"10/4/2026 8:08:48 AM","4624","Microsoft-Windows-Security-Auditing","DESKTOP-MURT1QD"
"10/4/2026 8:08:42 AM","4624","Microsoft-Windows-Security-Auditing","DESKTOP-MURT1QD"
"10/4/2026 8:08:41 AM","4624","Microsoft-Windows-Security-Auditing","DESKTOP-MURT1QD"
"10/4/2026 8:08:38 AM","4624","Microsoft-Windows-Security-Auditing","DESKTOP-MURT1QD"
"10/4/2026 8:08:25 AM","4624","Microsoft-Windows-Security-Auditing","DESKTOP-MURT1QD"
"10/4/2026 8:08:24 AM","4624","Microsoft-Windows-Security-Auditing","DESKTOP-MURT1QD"
"10/4/2026 8:08:22 AM","4624","Microsoft-Windows-Security-Auditing","DESKTOP-MURT1QD"
"10/4/2026 8:08:13 AM","4624","Microsoft-Windows-Security-Auditing","DESKTOP-MURT1QD"
"10/4/2026 8:08:12 AM","4624","Microsoft-Windows-Security-Auditing","DESKTOP-MURT1QD"
"10/4/2026 8:08:11 AM","4624","Microsoft-Windows-Security-Auditing","DESKTOP-MURT1QD"
"10/4/2026 8:08:09 AM","4624","Microsoft-Windows-Security-Auditing","DESKTOP-MURT1QD"
"10/4/2026 8:08:07 AM","4624","Microsoft-Windows-Security-Auditing","DESKTOP-MURT1QD"
"10/4/2026 8:08:04 AM","4624","Microsoft-Windows-Security-Auditing","DESKTOP-MURT1QD"
"10/4/2026 8:08:03 AM","4624","Microsoft-Windows-Security-Auditing","DESKTOP-MURT1QD"
"10/4/2026 8:08:03 AM","4624","Microsoft-Windows-Security-Auditing","DESKTOP-MURT1QD"
"10/4/2026 8:08:03 AM","4624","Microsoft-Windows-Security-Auditing","DESKTOP-MURT1QD"
"10/4/2026 8:08:03 AM","4624","Microsoft-Windows-Security-Auditing","DESKTOP-MURT1QD"
"10/4/2026 8:08:03 AM","4624","Microsoft-Windows-Security-Auditing","DESKTOP-MURT1QD"
"10/4/2026 8:08:03 AM","4624","Microsoft-Windows-Security-Auditing","DESKTOP-MURT1QD"
"10/4/2026 8:08:03 AM","4624","Microsoft-Windows-Security-Auditing","DESKTOP-MURT1QD"
"10/4/2026 8:08:03 AM","4624","Microsoft-Windows-Security-Auditing","DESKTOP-MURT1QD"
"10/4/2026 8:08:03 AM","4624","Microsoft-Windows-Security-Auditing","DESKTOP-MURT1QD"
"10/4/2026 8:08:02 AM","4624","Microsoft-Windows-Security-Auditing","DESKTOP-MURT1QD"
"10/4/2026 8:08:02 AM","4624","Microsoft-Windows-Security-Auditing","DESKTOP-MURT1QD"
"10/4/2026 8:08:00 AM","4624","Microsoft-Windows-Security-Auditing","DESKTOP-MURT1QD"
"10/4/2026 8:08:00 AM","4624","Microsoft-Windows-Security-Auditing","DESKTOP-MURT1QD"
"10/4/2026 8:07:59 AM","4624","Microsoft-Windows-Security-Auditing","DESKTOP-MURT1QD"
"10/4/2026 8:07:59 AM","4624","Microsoft-Windows-Security-Auditing","DESKTOP-MURT1QD"
"10/4/2026 8:07:58 AM","4624","Microsoft-Windows-Security-Auditing","DESKTOP-MURT1QD"
"10/4/2026 8:07:57 AM","4624","Microsoft-Windows-Security-Auditing","DESKTOP-MURT1QD"
"10/4/2026 8:07:57 AM","4624","Microsoft-Windows-Security-Auditing","DESKTOP-MURT1QD"
"10/4/2026 8:07:57 AM","4624","Microsoft-Windows-Security-Auditing","DESKTOP-MURT1QD"
"10/4/2026 8:07:56 AM","4624","Microsoft-Windows-Security-Auditing","DESKTOP-MURT1QD"
"10/4/2026 8:07:56 AM","4624","Microsoft-Windows-Security-Auditing","DESKTOP-MURT1QD"
"10/4/2026 8:07:55 AM","4624","Microsoft-Windows-Security-Auditing","DESKTOP-MURT1QD"
"10/4/2026 8:07:52 AM","4624","Microsoft-Windows-Security-Auditing","DESKTOP-MURT1QD"
"10/4/2026 8:07:52 AM","4624","Microsoft-Windows-Security-Auditing","DESKTOP-MURT1QD"
"10/4/2026 8:07:52 AM","4624","Microsoft-Windows-Security-Auditing","DESKTOP-MURT1QD"
"10/4/2026 8:07:52 AM","4624","Microsoft-Windows-Security-Auditing","DESKTOP-MURT1QD"
"10/4/2026 8:07:52 AM","4624","Microsoft-Windows-Security-Auditing","DESKTOP-MURT1QD"
"10/4/2026 8:07:52 AM","4624","Microsoft-Windows-Security-Auditing","DESKTOP-MURT1QD"
"10/4/2026 8:07:52 AM","4624","Microsoft-Windows-Security-Auditing","DESKTOP-MURT1QD"
"10/4/2026 8:07:51 AM","4624","Microsoft-Windows-Security-Auditing","DESKTOP-MURT1QD"
"10/4/2026 8:07:51 AM","4624","Microsoft-Windows-Security-Auditing","DESKTOP-MURT1QD"
"10/4/2026 8:07:51 AM","4624","Microsoft-Windows-Security-Auditing","DESKTOP-MURT1QD"
"10/4/2026 8:07:51 AM","4624","Microsoft-Windows-Security-Auditing","DESKTOP-MURT1QD"
"10/4/2026 8:07:51 AM","4624","Microsoft-Windows-Security-Auditing","DESKTOP-MURT1QD"
"10/4/2026 8:07:50 AM","4624","Microsoft-Windows-Security-Auditing","DESKTOP-MURT1QD"
"10/4/2026 8:07:50 AM","4624","Microsoft-Windows-Security-Auditing","DESKTOP-MURT1QD"
"10/4/2026 8:07:50 AM","4624","Microsoft-Windows-Security-Auditing","DESKTOP-MURT1QD"
"10/4/2026 8:07:50 AM","4624","Microsoft-Windows-Security-Auditing","DESKTOP-MURT1QD"
"10/4/2026 8:07:50 AM","4624","Microsoft-Windows-Security-Auditing","DESKTOP-MURT1QD"
"10/4/2026 8:07:50 AM","4624","Microsoft-Windows-Security-Auditing","DESKTOP-MURT1QD"
"10/4/2026 8:07:50 AM","4624","Microsoft-Windows-Security-Auditing","DESKTOP-MURT1QD"
"10/4/2026 8:07:50 AM","4624","Microsoft-Windows-Security-Auditing","DESKTOP-MURT1QD"
"10/4/2026 8:07:50 AM","4624","Microsoft-Windows-Security-Auditing","DESKTOP-MURT1QD"
"10/4/2026 8:07:50 AM","4624","Microsoft-Windows-Security-Auditing","DESKTOP-MURT1QD"
"10/4/2026 8:07:50 AM","4624","Microsoft-Windows-Security-Auditing","DESKTOP-MURT1QD"
"10/4/2026 8:07:50 AM","4624","Microsoft-Windows-Security-Auditing","DESKTOP-MURT1QD"
"10/4/2026 8:07:50 AM","4624","Microsoft-Windows-Security-Auditing","DESKTOP-MURT1QD"
"10/4/2026 8:07:50 AM","4624","Microsoft-Windows-Security-Auditing","DESKTOP-MURT1QD"
"10/4/2026 8:07:50 AM","4624","Microsoft-Windows-Security-Auditing","DESKTOP-MURT1QD"
"10/4/2026 8:07:50 AM","4624","Microsoft-Windows-Security-Auditing","DESKTOP-MURT1QD"
"10/4/2026 8:07:50 AM","4624","Microsoft-Windows-Security-Auditing","DESKTOP-MURT1QD"
"10/4/2026 8:07:50 AM","4624","Microsoft-Windows-Security-Auditing","DESKTOP-MURT1QD"
"10/4/2026 8:07:49 AM","4624","Microsoft-Windows-Security-Auditing","DESKTOP-MURT1QD"
